timestamp,/sys/class/thermal/thermal_zone0/temp,/sys/devices/system/cpu/cpu0/cpufreq/cpuinfo_cur_freq,/sys/devices/platform/cpu-throttle-alert/thermal_trip_event,/sys/class/thermal/thermal_zone1/temp,/sys/class/devfreq/17000000.gpu/cur_freq,/sys/devices/platform/gpu-throttle-alert/thermal_trip_event
2025-09-26T14:50:58+09:00,38781,1420800,0,34187,306000000,0
2025-09-26T14:51:08+09:00,38937,1420800,0,34218,306000000,0
2025-09-26T14:51:18+09:00,39187,1420800,0,34687,1300500000,0
2025-09-26T14:51:28+09:00,38968,1420800,0,34562,306000000,0
2025-09-26T14:51:38+09:00,39031,1420800,0,34437,306000000,0
2025-09-26T14:51:48+09:00,39250,1420800,0,34562,306000000,0
2025-09-26T14:51:58+09:00,42937,2201600,0,35687,306000000,0
2025-09-26T14:52:08+09:00,42875,2201600,0,35937,306000000,0
2025-09-26T14:52:18+09:00,43250,2201600,0,NA,306000000,0
2025-09-26T14:52:28+09:00,43468,2201600,0,36500,306000000,0
2025-09-26T14:52:38+09:00,43718,2201600,0,NA,306000000,0
2025-09-26T14:52:49+09:00,43812,2201600,0,NA,306000000,0
2025-09-26T14:52:59+09:00,43875,2201600,0,NA,306000000,0
2025-09-26T14:53:09+09:00,44343,2201600,0,NA,306000000,0
2025-09-26T14:53:19+09:00,44312,2201600,0,37812,306000000,0
2025-09-26T14:53:29+09:00,44312,2201600,0,NA,306000000,0
2025-09-26T14:53:39+09:00,44562,2201600,0,NA,306000000,0
2025-09-26T14:53:50+09:00,44750,2201600,0,37781,306000000,0
2025-09-26T14:54:00+09:00,44906,2201600,0,38093,306000000,0
2025-09-26T14:54:10+09:00,45000,2201600,0,NA,306000000,0
2025-09-26T14:54:20+09:00,45281,2201600,0,NA,306000000,0
2025-09-26T14:54:30+09:00,45250,2201600,0,NA,306000000,0
2025-09-26T14:54:40+09:00,45656,2201600,0,NA,1300500000,0
2025-09-26T14:54:50+09:00,45906,2201600,0,NA,306000000,0
2025-09-26T14:55:01+09:00,45687,2201600,0,NA,306000000,0
2025-09-26T14:55:11+09:00,46031,2201600,0,38875,306000000,0
2025-09-26T14:55:21+09:00,45906,2201600,0,NA,306000000,0
2025-09-26T14:55:31+09:00,46125,2201600,0,NA,306000000,0
2025-09-26T14:55:41+09:00,46218,2201600,0,39281,306000000,0
2025-09-26T14:55:51+09:00,46468,2201600,0,NA,306000000,0
2025-09-26T14:56:02+09:00,46531,2201600,0,NA,306000000,0
2025-09-26T14:56:12+09:00,46968,2201600,0,NA,306000000,0
2025-09-26T14:56:22+09:00,47093,2201600,0,NA,306000000,0
2025-09-26T14:56:32+09:00,46968,2201600,0,40468,1300500000,0
2025-09-26T14:56:42+09:00,47156,2201600,0,NA,306000000,0
2025-09-26T14:56:52+09:00,47125,2201600,0,NA,306000000,0
2025-09-26T14:57:03+09:00,47406,2201600,0,40531,306000000,0
2025-09-26T14:57:13+09:00,47687,2201600,0,40937,306000000,0
2025-09-26T14:57:23+09:00,47687,2201600,0,40843,306000000,0
2025-09-26T14:57:33+09:00,47625,2201600,0,40812,306000000,0
2025-09-26T14:57:43+09:00,48093,2201600,0,40937,306000000,0
2025-09-26T14:57:53+09:00,48000,2201600,0,41093,1300500000,0
2025-09-26T14:58:03+09:00,48187,2201600,0,NA,306000000,0
2025-09-26T14:58:14+09:00,48375,2201600,0,NA,306000000,0
2025-09-26T14:58:24+09:00,48500,2201600,0,41500,306000000,0
2025-09-26T14:58:34+09:00,48562,2201600,0,41625,306000000,0
2025-09-26T14:58:44+09:00,48531,2201600,0,NA,306000000,0
2025-09-26T14:58:54+09:00,48968,2201600,0,41875,306000000,0
2025-09-26T14:59:04+09:00,48875,2201600,0,NA,306000000,0
2025-09-26T14:59:14+09:00,48968,2201600,0,NA,306000000,0
2025-09-26T14:59:25+09:00,49062,2201600,0,NA,306000000,0
2025-09-26T14:59:35+09:00,49125,2201600,0,NA,306000000,0
2025-09-26T14:59:45+09:00,49656,2201600,0,42812,306000000,0
2025-09-26T14:59:55+09:00,49375,2201600,0,NA,306000000,0
2025-09-26T15:00:05+09:00,49687,2201600,0,42875,306000000,0
2025-09-26T15:00:15+09:00,49687,2201600,0,42750,306000000,0
2025-09-26T15:00:26+09:00,49875,2201600,0,NA,306000000,0
2025-09-26T15:00:36+09:00,50062,2201600,0,NA,306000000,0
2025-09-26T15:00:46+09:00,50093,2201600,0,43250,306000000,0
2025-09-26T15:00:56+09:00,50312,2201600,0,NA,306000000,0
2025-09-26T15:01:06+09:00,50187,2201600,0,NA,306000000,0
2025-09-26T15:01:16+09:00,50343,2201600,0,NA,306000000,0
2025-09-26T15:01:26+09:00,50625,2201600,0,NA,306000000,0
2025-09-26T15:01:37+09:00,50906,2201600,0,43875,306000000,0
2025-09-26T15:01:47+09:00,50968,2201600,0,NA,306000000,0
2025-09-26T15:01:57+09:00,50937,2201600,0,NA,306000000,0
2025-09-26T15:02:07+09:00,51093,2201600,0,44218,306000000,0
2025-09-26T15:02:17+09:00,51093,2201600,0,NA,306000000,0
2025-09-26T15:02:27+09:00,51468,2201600,0,NA,306000000,0
2025-09-26T15:02:37+09:00,51343,2201600,0,NA,306000000,0
2025-09-26T15:02:48+09:00,51781,2201600,0,44593,306000000,0
2025-09-26T15:02:58+09:00,51531,2201600,0,NA,306000000,0
2025-09-26T15:03:08+09:00,51593,2201600,0,NA,306000000,0
2025-09-26T15:03:18+09:00,51843,2201600,0,NA,306000000,0
2025-09-26T15:03:28+09:00,52062,2201600,0,NA,306000000,0
2025-09-26T15:03:38+09:00,51906,2201600,0,NA,306000000,0
2025-09-26T15:03:49+09:00,52000,2201600,0,NA,306000000,0
2025-09-26T15:03:59+09:00,52343,2201600,0,NA,306000000,0
2025-09-26T15:04:09+09:00,52156,2201600,0,NA,306000000,0
2025-09-26T15:04:19+09:00,52437,2201600,0,NA,306000000,0
2025-09-26T15:04:29+09:00,52531,2201600,0,NA,306000000,0
2025-09-26T15:04:39+09:00,52531,2201600,0,NA,306000000,0
2025-09-26T15:04:49+09:00,52656,2201600,0,NA,306000000,0
2025-09-26T15:05:00+09:00,53000,2201600,0,46312,1300500000,0
2025-09-26T15:05:10+09:00,52937,2201600,0,NA,306000000,0
2025-09-26T15:05:20+09:00,53000,2201600,0,NA,306000000,0
2025-09-26T15:05:30+09:00,53281,2201600,0,NA,306000000,0
2025-09-26T15:05:40+09:00,53156,2201600,0,NA,306000000,0
2025-09-26T15:05:50+09:00,53375,2201600,0,NA,306000000,0
2025-09-26T15:06:00+09:00,53531,2201600,0,NA,306000000,0
2025-09-26T15:06:11+09:00,53656,2201600,0,NA,306000000,0
2025-09-26T15:06:21+09:00,53718,2201600,0,NA,306000000,0
2025-09-26T15:06:31+09:00,53781,2201600,0,NA,306000000,0
2025-09-26T15:06:41+09:00,54156,2201600,0,47375,306000000,0
2025-09-26T15:06:51+09:00,54125,2201600,0,47312,306000000,0
2025-09-26T15:07:01+09:00,54562,2201600,0,NA,1300500000,0
2025-09-26T15:07:12+09:00,54281,2201600,0,47593,306000000,0
2025-09-26T15:07:22+09:00,54468,2201600,0,NA,1300500000,0
2025-09-26T15:07:32+09:00,54875,2201600,0,NA,306000000,0
2025-09-26T15:07:42+09:00,54718,2201600,0,NA,1300500000,0
2025-09-26T15:07:52+09:00,54875,2201600,0,NA,1300500000,0
2025-09-26T15:08:02+09:00,54937,2201600,0,48437,1300500000,0
2025-09-26T15:08:12+09:00,55125,2201600,0,NA,1300500000,0
2025-09-26T15:08:23+09:00,55250,2201600,0,NA,306000000,0
2025-09-26T15:08:33+09:00,55406,2201600,0,48437,306000000,0
2025-09-26T15:08:43+09:00,55531,2201600,0,NA,306000000,0
2025-09-26T15:08:53+09:00,55531,2201600,0,NA,306000000,0
2025-09-26T15:09:03+09:00,55562,2201600,0,48781,306000000,0
2025-09-26T15:09:13+09:00,55687,2201600,0,NA,306000000,0
2025-09-26T15:09:23+09:00,55812,2201600,0,NA,1300500000,0
2025-09-26T15:09:34+09:00,56000,2201600,0,NA,306000000,0
2025-09-26T15:09:44+09:00,56031,2201600,0,NA,306000000,0
2025-09-26T15:09:54+09:00,56375,2201600,0,49562,306000000,0
2025-09-26T15:10:04+09:00,56250,2201600,0,NA,306000000,0
2025-09-26T15:10:14+09:00,56312,2201600,0,NA,1300500000,0
2025-09-26T15:10:24+09:00,56531,2201600,0,49687,306000000,0
2025-09-26T15:10:34+09:00,56781,2201600,0,NA,306000000,0
2025-09-26T15:10:45+09:00,56625,2201600,0,NA,1300500000,0
2025-09-26T15:10:55+09:00,56812,2201600,0,NA,306000000,0
2025-09-26T15:11:05+09:00,56906,2201600,0,NA,306000000,0
2025-09-26T15:11:15+09:00,57281,2201600,0,50218,306000000,0
2025-09-26T15:11:25+09:00,57156,2201600,0,NA,1300500000,0
2025-09-26T15:11:35+09:00,57218,2201600,0,NA,306000000,0
2025-09-26T15:11:46+09:00,57500,2201600,0,50718,306000000,0
2025-09-26T15:11:56+09:00,57687,2201600,0,50875,306000000,0
2025-09-26T15:12:06+09:00,57593,2201600,0,NA,306000000,0
2025-09-26T15:12:16+09:00,57687,2201600,0,NA,306000000,0
2025-09-26T15:12:26+09:00,57656,2201600,0,NA,306000000,0
2025-09-26T15:12:36+09:00,57781,2201600,0,NA,306000000,0
2025-09-26T15:12:46+09:00,57875,2201600,0,NA,306000000,0
2025-09-26T15:12:57+09:00,58000,2201600,0,NA,306000000,0
2025-09-26T15:13:07+09:00,58000,2201600,0,NA,306000000,0
2025-09-26T15:13:17+09:00,58406,2201600,0,NA,306000000,0
2025-09-26T15:13:27+09:00,58218,2201600,0,NA,306000000,0
2025-09-26T15:13:37+09:00,58437,2201600,0,NA,306000000,0
2025-09-26T15:13:47+09:00,58406,2201600,0,NA,306000000,0
2025-09-26T15:13:58+09:00,58656,2201600,0,NA,306000000,0
2025-09-26T15:14:08+09:00,58718,2201600,0,NA,1300500000,0
2025-09-26T15:14:18+09:00,58812,2201600,0,NA,306000000,0
2025-09-26T15:14:28+09:00,59000,2201600,0,51875,306000000,0
2025-09-26T15:14:38+09:00,59156,2201600,0,NA,306000000,0
2025-09-26T15:14:48+09:00,59406,2201600,0,NA,306000000,0
2025-09-26T15:14:59+09:00,59562,2201600,0,52156,306000000,0
2025-09-26T15:15:09+09:00,59406,2201600,0,NA,1300500000,0
2025-09-26T15:15:19+09:00,59375,2201600,0,NA,1300500000,0
2025-09-26T15:15:29+09:00,59531,2201600,0,52781,306000000,0
2025-09-26T15:15:39+09:00,59812,2201600,0,NA,1300500000,0
2025-09-26T15:15:49+09:00,59656,2201600,0,NA,306000000,0
2025-09-26T15:15:59+09:00,59906,2201600,0,53500,1300500000,0
2025-09-26T15:16:10+09:00,59937,2201600,0,NA,1300500000,0
2025-09-26T15:16:20+09:00,60312,2201600,0,53562,1300500000,0
2025-09-26T15:16:30+09:00,60125,2201600,0,NA,1300500000,0
2025-09-26T15:16:40+09:00,60187,2201600,0,NA,306000000,0
2025-09-26T15:16:50+09:00,60562,2201600,0,53593,306000000,0
2025-09-26T15:17:00+09:00,60437,2201600,0,NA,1300500000,0
2025-09-26T15:17:11+09:00,60437,2201600,0,NA,306000000,0
2025-09-26T15:17:21+09:00,60625,2201600,0,53437,306000000,0
2025-09-26T15:17:31+09:00,60875,2201600,0,NA,1300500000,0
2025-09-26T15:17:41+09:00,61031,2201600,0,NA,1300500000,0
2025-09-26T15:17:51+09:00,61031,2201600,0,NA,1300500000,0
2025-09-26T15:18:01+09:00,61187,2201600,0,NA,306000000,0
2025-09-26T15:18:11+09:00,61281,2201600,0,54531,306000000,0
2025-09-26T15:18:22+09:00,61500,2201600,0,NA,306000000,0
2025-09-26T15:18:32+09:00,61281,2201600,0,NA,306000000,0
2025-09-26T15:18:42+09:00,61281,2201600,0,54625,306000000,0
2025-09-26T15:18:52+09:00,61750,2201600,0,NA,306000000,0
2025-09-26T15:19:02+09:00,61750,2201600,0,NA,306000000,0
2025-09-26T15:19:12+09:00,61718,2201600,0,NA,1300500000,0
2025-09-26T15:19:23+09:00,61750,2201600,0,NA,1300500000,0
2025-09-26T15:19:33+09:00,61781,2201600,0,55437,1300500000,0
2025-09-26T15:19:43+09:00,61937,2201600,0,NA,306000000,0
2025-09-26T15:19:53+09:00,62343,2201600,0,NA,1300500000,0
2025-09-26T15:20:03+09:00,62406,2201600,0,55281,306000000,0
2025-09-26T15:20:13+09:00,62250,2201600,0,NA,306000000,0
2025-09-26T15:20:24+09:00,62437,2201600,0,NA,1300500000,0
2025-09-26T15:20:34+09:00,62468,2201600,0,55562,306000000,0
2025-09-26T15:20:44+09:00,62531,2201600,0,NA,306000000,0
2025-09-26T15:20:54+09:00,62750,2201600,0,NA,306000000,0
2025-09-26T15:21:04+09:00,63000,2201600,0,NA,1300500000,0
2025-09-26T15:21:14+09:00,63093,2201600,0,NA,306000000,0
2025-09-26T15:21:24+09:00,63031,2201600,0,55906,306000000,0
2025-09-26T15:21:35+09:00,62968,2201600,0,NA,1300500000,0
2025-09-26T15:21:45+09:00,63125,2201600,0,NA,1300500000,0
2025-09-26T15:21:55+09:00,63156,2201600,0,56250,306000000,0
2025-09-26T15:22:05+09:00,63437,2201600,0,NA,306000000,0
2025-09-26T15:22:15+09:00,63375,2201600,0,NA,306000000,0
2025-09-26T15:22:25+09:00,63593,2201600,0,56218,306000000,0
2025-09-26T15:22:36+09:00,63625,2201600,0,NA,1300500000,0
2025-09-26T15:22:46+09:00,63593,2201600,0,NA,306000000,0
2025-09-26T15:22:56+09:00,63687,2201600,0,56781,306000000,0
2025-09-26T15:23:06+09:00,63843,2201600,0,NA,1300500000,0
2025-09-26T15:23:16+09:00,63906,2201600,0,56937,306000000,0
2025-09-26T15:23:26+09:00,63906,2201600,0,NA,1300500000,0
2025-09-26T15:23:36+09:00,63968,2201600,0,NA,306000000,0
2025-09-26T15:23:47+09:00,64156,2201600,0,56875,306000000,0
2025-09-26T15:23:57+09:00,64312,2201600,0,NA,306000000,0
2025-09-26T15:24:07+09:00,64531,2201600,0,NA,306000000,0
2025-09-26T15:24:17+09:00,64562,2201600,0,NA,1300500000,0
2025-09-26T15:24:27+09:00,64812,2201600,0,NA,1300500000,0
2025-09-26T15:24:37+09:00,64656,2201600,0,57750,1300500000,0
2025-09-26T15:24:48+09:00,64812,2201600,0,57718,306000000,0
2025-09-26T15:24:58+09:00,65062,2201600,0,NA,306000000,0
2025-09-26T15:25:08+09:00,64875,2201600,0,57656,306000000,0
2025-09-26T15:25:18+09:00,65000,2201600,0,NA,306000000,0
2025-09-26T15:25:28+09:00,65062,2201600,0,NA,306000000,0
2025-09-26T15:25:38+09:00,65156,2201600,0,58250,306000000,0
2025-09-26T15:25:48+09:00,65156,2201600,0,NA,306000000,0
2025-09-26T15:25:59+09:00,65500,2201600,0,NA,1300500000,0
2025-09-26T15:26:09+09:00,65406,2201600,0,NA,306000000,0
2025-09-26T15:26:19+09:00,65406,2201600,0,NA,306000000,0
2025-09-26T15:26:29+09:00,65687,2201600,0,58656,306000000,0
2025-09-26T15:26:39+09:00,65781,2201600,0,NA,306000000,0
2025-09-26T15:26:49+09:00,65906,2201600,0,NA,306000000,0
2025-09-26T15:26:59+09:00,66000,2201600,0,58687,306000000,0
2025-09-26T15:27:10+09:00,65906,2201600,0,NA,306000000,0
2025-09-26T15:27:20+09:00,66125,2201600,0,NA,306000000,0
2025-09-26T15:27:30+09:00,66062,2201600,0,58750,306000000,0
2025-09-26T15:27:40+09:00,66187,2201600,0,NA,306000000,0
2025-09-26T15:27:50+09:00,66156,2201600,0,NA,306000000,0
2025-09-26T15:28:00+09:00,66281,2201600,0,NA,306000000,0
2025-09-26T15:28:11+09:00,66406,2201600,0,NA,306000000,0
2025-09-26T15:28:21+09:00,66562,2201600,0,59250,306000000,0
2025-09-26T15:28:31+09:00,66562,2201600,0,NA,306000000,0
2025-09-26T15:28:41+09:00,66750,2201600,0,NA,306000000,0
2025-09-26T15:28:51+09:00,66750,2201600,0,59343,306000000,0
2025-09-26T15:29:01+09:00,66718,2201600,0,NA,306000000,0
2025-09-26T15:29:11+09:00,66937,2201600,0,NA,306000000,0
2025-09-26T15:29:22+09:00,67093,2201600,0,NA,306000000,0
2025-09-26T15:29:32+09:00,67312,2201600,0,NA,1300500000,0
2025-09-26T15:29:42+09:00,67031,2201600,0,59812,1300500000,0
2025-09-26T15:29:52+09:00,67250,2201600,0,60250,306000000,0
2025-09-26T15:30:02+09:00,67500,2201600,0,59968,306000000,0
2025-09-26T15:30:12+09:00,67281,2201600,0,NA,1300500000,0
2025-09-26T15:30:23+09:00,67312,2201600,0,NA,306000000,0
2025-09-26T15:30:33+09:00,67437,2201600,0,60468,306000000,0
2025-09-26T15:30:43+09:00,67656,2201600,0,60437,306000000,0
2025-09-26T15:30:53+09:00,67968,2201600,0,60625,306000000,0
2025-09-26T15:31:03+09:00,68125,2201600,0,60312,306000000,0
2025-09-26T15:31:13+09:00,67906,2201600,0,60812,306000000,0
2025-09-26T15:31:23+09:00,68125,2201600,0,60687,306000000,0
2025-09-26T15:31:34+09:00,68093,2201600,0,60906,306000000,0
2025-09-26T15:31:44+09:00,68281,2201600,0,60875,306000000,0
2025-09-26T15:31:54+09:00,68218,2201600,0,61000,306000000,0
2025-09-26T15:32:04+09:00,68156,2201600,0,61125,306000000,0
2025-09-26T15:32:14+09:00,68406,2201600,0,61343,306000000,0
2025-09-26T15:32:24+09:00,68437,2201600,0,61187,306000000,0
2025-09-26T15:32:35+09:00,68531,2201600,0,61218,306000000,0
2025-09-26T15:32:45+09:00,68593,2201600,0,61437,408000000,0
2025-09-26T15:32:55+09:00,68750,2201600,0,61531,510000000,0
2025-09-26T15:33:05+09:00,68906,2201600,0,61656,408000000,0
2025-09-26T15:33:15+09:00,69000,2201600,0,61656,408000000,0
2025-09-26T15:33:25+09:00,69125,2201600,0,62218,408000000,0
2025-09-26T15:33:35+09:00,69156,2201600,0,61937,408000000,0
2025-09-26T15:33:46+09:00,69156,2201600,0,62062,408000000,0
2025-09-26T15:33:56+09:00,69375,2201600,0,62187,408000000,0
2025-09-26T15:34:06+09:00,69500,2201600,0,62093,408000000,0
2025-09-26T15:34:16+09:00,69468,2201600,0,62593,408000000,0
2025-09-26T15:34:26+09:00,69718,2201600,0,62343,408000000,0
2025-09-26T15:34:36+09:00,69687,2201600,0,62562,408000000,0
2025-09-26T15:34:47+09:00,69718,2201600,0,62468,408000000,0
2025-09-26T15:34:57+09:00,69812,2201600,0,62843,408000000,0
2025-09-26T15:35:07+09:00,69750,2201600,0,62812,408000000,0
2025-09-26T15:35:17+09:00,70031,2201600,0,62687,306000000,0
2025-09-26T15:35:27+09:00,70093,2201600,0,63125,408000000,0
2025-09-26T15:35:37+09:00,70312,2201600,0,62875,408000000,0
2025-09-26T15:35:47+09:00,70156,2201600,0,63093,510000000,0
2025-09-26T15:35:57+09:00,70468,2201600,0,63031,408000000,0
2025-09-26T15:36:08+09:00,70375,2201600,0,63031,408000000,0
2025-09-26T15:36:18+09:00,70437,2201600,0,63312,408000000,0
2025-09-26T15:36:28+09:00,70812,2201600,0,63281,408000000,0
2025-09-26T15:36:38+09:00,70531,2201600,0,63343,510000000,0
2025-09-26T15:36:48+09:00,70968,2201600,0,63468,408000000,0
2025-09-26T15:36:58+09:00,70843,2201600,0,63500,510000000,0
2025-09-26T15:37:08+09:00,70875,2201600,0,63625,306000000,0
2025-09-26T15:37:19+09:00,71000,2201600,0,63906,408000000,0
2025-09-26T15:37:29+09:00,71093,2201600,0,63812,510000000,0
2025-09-26T15:37:39+09:00,71437,2201600,0,63750,408000000,0
2025-09-26T15:37:49+09:00,71468,2201600,0,64187,408000000,0
2025-09-26T15:37:59+09:00,71593,2201600,0,64000,510000000,0
2025-09-26T15:38:09+09:00,71437,2201600,0,64281,510000000,0
2025-09-26T15:38:19+09:00,71687,2201600,0,64187,408000000,0
2025-09-26T15:38:29+09:00,71625,2201600,0,64406,408000000,0
2025-09-26T15:38:40+09:00,71687,2201600,0,64468,408000000,0
2025-09-26T15:38:50+09:00,71656,2201600,0,64406,408000000,0
2025-09-26T15:39:00+09:00,71750,2201600,0,64531,408000000,0
2025-09-26T15:39:10+09:00,71906,2201600,0,64593,408000000,0
2025-09-26T15:39:20+09:00,71906,2201600,0,64656,408000000,0
2025-09-26T15:39:30+09:00,72187,2201600,0,64687,510000000,0
2025-09-26T15:39:40+09:00,72406,2201600,0,64781,408000000,0
2025-09-26T15:39:51+09:00,72031,2201600,0,65000,408000000,0
2025-09-26T15:40:01+09:00,72250,2201600,0,65187,408000000,0
2025-09-26T15:40:11+09:00,72437,2201600,0,65031,408000000,0
2025-09-26T15:40:21+09:00,72437,2201600,0,65312,612000000,0
2025-09-26T15:40:31+09:00,72468,2201600,0,65375,408000000,0
2025-09-26T15:40:41+09:00,72437,2201600,0,65281,306000000,0
2025-09-26T15:40:52+09:00,72906,2201600,0,65187,306000000,0
2025-09-26T15:41:02+09:00,72812,2201600,0,65343,408000000,0
2025-09-26T15:41:12+09:00,72781,2201600,0,65312,408000000,0
2025-09-26T15:41:22+09:00,72656,2201600,0,65437,408000000,0
2025-09-26T15:41:32+09:00,72781,2201600,0,65593,306000000,0
2025-09-26T15:41:42+09:00,72906,2201600,0,65468,408000000,0
2025-09-26T15:41:53+09:00,72843,2201600,0,65593,306000000,0
2025-09-26T15:42:03+09:00,73281,2201600,0,66031,306000000,0
2025-09-26T15:42:13+09:00,73062,2201600,0,65718,306000000,0
2025-09-26T15:42:23+09:00,73218,2201600,0,65781,408000000,0
2025-09-26T15:42:33+09:00,73406,2201600,0,65843,408000000,0
2025-09-26T15:42:43+09:00,73250,2201600,0,65968,408000000,0
2025-09-26T15:42:53+09:00,73281,2201600,0,66031,408000000,0
2025-09-26T15:43:04+09:00,73406,2201600,0,66312,510000000,0
2025-09-26T15:43:14+09:00,73375,2201600,0,66218,408000000,0
2025-09-26T15:43:24+09:00,73468,2201600,0,66375,408000000,0
2025-09-26T15:43:34+09:00,73625,2201600,0,66218,408000000,0
2025-09-26T15:43:44+09:00,73625,2201600,0,66343,408000000,0
2025-09-26T15:43:55+09:00,73687,2201600,0,66406,408000000,0
2025-09-26T15:44:05+09:00,73781,2201600,0,66625,408000000,0
2025-09-26T15:44:15+09:00,74062,2201600,0,66750,408000000,0
2025-09-26T15:44:25+09:00,73937,2201600,0,66812,408000000,0
2025-09-26T15:44:35+09:00,74000,2201600,0,66718,408000000,0
2025-09-26T15:44:45+09:00,74062,2201600,0,67125,408000000,0
2025-09-26T15:44:56+09:00,74093,2201600,0,66937,408000000,0
2025-09-26T15:45:06+09:00,74343,2201600,0,66843,816000000,0
2025-09-26T15:45:16+09:00,74250,2201600,0,67156,306000000,0
2025-09-26T15:45:26+09:00,74562,2201600,0,67000,408000000,0
2025-09-26T15:45:36+09:00,74375,2201600,0,67031,408000000,0
2025-09-26T15:45:46+09:00,74468,2201600,0,67125,306000000,0
2025-09-26T15:45:57+09:00,74468,2201600,0,67093,408000000,0
2025-09-26T15:46:07+09:00,74500,2201600,0,67406,510000000,0
2025-09-26T15:46:17+09:00,74593,2201600,0,67531,306000000,0
2025-09-26T15:46:27+09:00,74687,2201600,0,67218,408000000,0
2025-09-26T15:46:37+09:00,74812,2201600,0,67656,306000000,0
2025-09-26T15:46:47+09:00,74750,2201600,0,67687,306000000,0
2025-09-26T15:46:57+09:00,74906,2201600,0,67875,306000000,0
2025-09-26T15:47:08+09:00,75218,2201600,0,67625,306000000,0
2025-09-26T15:47:18+09:00,74968,2201600,0,67718,408000000,0
2025-09-26T15:47:28+09:00,74968,2201600,0,67781,306000000,0
2025-09-26T15:47:38+09:00,75125,2201600,0,67718,306000000,0
2025-09-26T15:47:48+09:00,75375,2201600,0,68343,510000000,0
2025-09-26T15:47:58+09:00,75343,2201600,0,68437,612000000,0
2025-09-26T15:48:08+09:00,75562,2201600,0,68437,510000000,0
2025-09-26T15:48:19+09:00,75750,2201600,0,68343,612000000,0
2025-09-26T15:48:29+09:00,75593,2201600,0,68343,408000000,0
2025-09-26T15:48:39+09:00,75843,2201600,0,68625,510000000,0
2025-09-26T15:48:49+09:00,75718,2201600,0,68562,408000000,0
2025-09-26T15:48:59+09:00,76062,2201600,0,68468,408000000,0
2025-09-26T15:49:09+09:00,75843,2201600,0,68656,510000000,0
2025-09-26T15:49:19+09:00,75906,2201600,0,68593,408000000,0
2025-09-26T15:49:29+09:00,76062,2201600,0,68656,510000000,0
2025-09-26T15:49:40+09:00,76218,2201600,0,69031,510000000,0
2025-09-26T15:49:50+09:00,76125,2201600,0,68750,510000000,0
2025-09-26T15:50:00+09:00,76375,2201600,0,68937,510000000,0
2025-09-26T15:50:10+09:00,76250,2201600,0,69187,612000000,0
2025-09-26T15:50:20+09:00,76312,2201600,0,69156,408000000,0
2025-09-26T15:50:30+09:00,76437,2201600,0,69093,408000000,0
2025-09-26T15:50:41+09:00,76500,2201600,0,69218,510000000,0
2025-09-26T15:50:51+09:00,76531,2201600,0,69562,408000000,0
2025-09-26T15:51:01+09:00,76781,2201600,0,69375,408000000,0
2025-09-26T15:51:11+09:00,76656,2201600,0,69625,408000000,0
2025-09-26T15:51:21+09:00,76750,2201600,0,69562,510000000,0
2025-09-26T15:51:31+09:00,77281,2201600,0,69531,408000000,0
2025-09-26T15:51:41+09:00,76812,2201600,0,69656,510000000,0
2025-09-26T15:51:51+09:00,76843,2201600,0,69656,408000000,0
2025-09-26T15:52:02+09:00,77031,2201600,0,70031,408000000,0
2025-09-26T15:52:12+09:00,77031,2201600,0,69937,408000000,0
2025-09-26T15:52:22+09:00,77156,2201600,0,70000,408000000,0
2025-09-26T15:52:32+09:00,77218,2201600,0,70125,510000000,0
2025-09-26T15:52:42+09:00,77343,2201600,0,70343,612000000,0
2025-09-26T15:52:52+09:00,77375,2201600,0,70000,408000000,0
2025-09-26T15:53:02+09:00,77437,2201600,0,70125,408000000,0
2025-09-26T15:53:13+09:00,77468,2201600,0,70406,408000000,0
2025-09-26T15:53:23+09:00,77625,2201600,0,70250,306000000,0
2025-09-26T15:53:33+09:00,77843,2201600,0,70500,408000000,0
2025-09-26T15:53:43+09:00,78000,2201600,0,70437,510000000,0
2025-09-26T15:53:53+09:00,78000,2201600,0,70468,408000000,0
2025-09-26T15:54:03+09:00,78156,2201600,0,70875,510000000,0
2025-09-26T15:54:13+09:00,78187,2201600,0,70875,510000000,0
2025-09-26T15:54:23+09:00,78187,2201600,0,71062,510000000,0
2025-09-26T15:54:34+09:00,78250,2201600,0,71093,408000000,0
2025-09-26T15:54:44+09:00,78531,2201600,0,70968,408000000,0
2025-09-26T15:54:54+09:00,78468,2201600,0,70968,408000000,0
2025-09-26T15:55:04+09:00,78750,2201600,0,71062,408000000,0
2025-09-26T15:55:14+09:00,78500,2201600,0,71125,510000000,0
2025-09-26T15:55:24+09:00,78531,2201600,0,71281,408000000,0
2025-09-26T15:55:34+09:00,78718,2201600,0,71343,408000000,0
2025-09-26T15:55:45+09:00,78750,2201600,0,71312,510000000,0
2025-09-26T15:55:55+09:00,78875,2201600,0,71531,510000000,0
2025-09-26T15:56:05+09:00,79031,2201600,0,71687,510000000,0
2025-09-26T15:56:15+09:00,79031,2201600,0,71562,510000000,0
2025-09-26T15:56:25+09:00,79031,2201600,0,71562,408000000,0
2025-09-26T15:56:35+09:00,79218,2201600,0,71906,408000000,0
2025-09-26T15:56:45+09:00,79218,2201600,0,71687,510000000,0
2025-09-26T15:56:56+09:00,79218,2201600,0,71937,510000000,0
2025-09-26T15:57:06+09:00,79406,2201600,0,71968,408000000,0
2025-09-26T15:57:16+09:00,79406,2201600,0,72093,408000000,0
2025-09-26T15:57:26+09:00,79406,2201600,0,72250,408000000,0
2025-09-26T15:57:36+09:00,79531,2201600,0,72250,408000000,0
2025-09-26T15:57:46+09:00,79625,2201600,0,72218,510000000,0
2025-09-26T15:57:56+09:00,79656,2201600,0,72531,510000000,0
2025-09-26T15:58:06+09:00,79625,2201600,0,72156,408000000,0
2025-09-26T15:58:17+09:00,79937,2201600,0,72250,408000000,0
2025-09-26T15:58:27+09:00,79875,2201600,0,72812,510000000,0
2025-09-26T15:58:37+09:00,79843,2201600,0,72687,306000000,0
2025-09-26T15:58:47+09:00,79968,2201600,0,72500,306000000,0
2025-09-26T15:58:57+09:00,79937,2201600,0,72812,306000000,0
2025-09-26T15:59:07+09:00,80156,2201600,0,72625,306000000,0
2025-09-26T15:59:17+09:00,80000,2201600,0,72687,408000000,0
2025-09-26T15:59:28+09:00,80093,2201600,0,72906,408000000,0
2025-09-26T15:59:38+09:00,80468,2201600,0,72937,408000000,0
2025-09-26T15:59:48+09:00,80375,2201600,0,72687,408000000,0
2025-09-26T15:59:58+09:00,80406,2201600,0,72750,306000000,0
2025-09-26T16:00:08+09:00,80656,2201600,0,72906,306000000,0
2025-09-26T16:00:18+09:00,80312,2201600,0,72968,408000000,0
2025-09-26T16:00:28+09:00,80562,2201600,0,73218,408000000,0
2025-09-26T16:00:39+09:00,80687,2201600,0,73062,306000000,0
2025-09-26T16:00:49+09:00,80531,2201600,0,73031,306000000,0
2025-09-26T16:00:59+09:00,80531,2201600,0,73218,306000000,0
2025-09-26T16:01:09+09:00,80718,2201600,0,73500,306000000,0
2025-09-26T16:01:19+09:00,80875,2201600,0,73593,306000000,0
2025-09-26T16:01:29+09:00,80843,2201600,0,73437,408000000,0
2025-09-26T16:01:39+09:00,80906,2201600,0,73468,408000000,0
2025-09-26T16:01:50+09:00,80906,2201600,0,73562,408000000,0
2025-09-26T16:02:00+09:00,81125,2201600,0,73562,408000000,0
2025-09-26T16:02:10+09:00,81125,2201600,0,73656,408000000,0
2025-09-26T16:02:20+09:00,81093,2201600,0,73781,408000000,0
2025-09-26T16:02:30+09:00,81375,2201600,0,73687,408000000,0
2025-09-26T16:02:40+09:00,81250,2201600,0,73812,408000000,0
2025-09-26T16:02:50+09:00,81312,2201600,0,73843,408000000,0
2025-09-26T16:03:01+09:00,81343,2201600,0,74125,408000000,0
2025-09-26T16:03:11+09:00,81250,2201600,0,74125,408000000,0
2025-09-26T16:03:21+09:00,81625,2201600,0,74125,408000000,0
2025-09-26T16:03:31+09:00,81531,2201600,0,74000,408000000,0
2025-09-26T16:03:41+09:00,81656,2201600,0,74187,408000000,0
2025-09-26T16:03:51+09:00,81906,2201600,0,74156,408000000,0
2025-09-26T16:04:01+09:00,81875,2201600,0,74437,510000000,0
2025-09-26T16:04:11+09:00,81937,2201600,0,74781,510000000,0
2025-09-26T16:04:22+09:00,81937,2201600,0,74437,510000000,0
2025-09-26T16:04:32+09:00,82218,2201600,0,74437,408000000,0
2025-09-26T16:04:42+09:00,82125,2201600,0,75000,510000000,0
2025-09-26T16:04:52+09:00,82093,2201600,0,74718,408000000,0
2025-09-26T16:05:02+09:00,82250,2201600,0,74593,408000000,0
2025-09-26T16:05:12+09:00,82187,2201600,0,74750,408000000,0
2025-09-26T16:05:22+09:00,82375,2201600,0,74781,408000000,0
2025-09-26T16:05:33+09:00,82500,2201600,0,74968,408000000,0
2025-09-26T16:05:43+09:00,82406,2201600,0,75093,510000000,0
2025-09-26T16:05:53+09:00,82468,2201600,0,74937,408000000,0
2025-09-26T16:06:03+09:00,82437,2201600,0,75093,408000000,0
2025-09-26T16:06:13+09:00,82468,2201600,0,75125,408000000,0
2025-09-26T16:06:23+09:00,82812,2201600,0,75531,510000000,0
2025-09-26T16:06:33+09:00,82593,2201600,0,75531,408000000,0
2025-09-26T16:06:43+09:00,82750,2201600,0,75406,306000000,0
2025-09-26T16:06:54+09:00,83062,2201600,0,75562,408000000,0
2025-09-26T16:07:04+09:00,82875,2201600,0,75375,408000000,0
2025-09-26T16:07:14+09:00,83031,2201600,0,75406,408000000,0
2025-09-26T16:07:24+09:00,82937,2201600,0,75437,408000000,0
2025-09-26T16:07:34+09:00,83031,2201600,0,75843,408000000,0
2025-09-26T16:07:44+09:00,83031,2201600,0,75625,306000000,0
2025-09-26T16:07:54+09:00,83093,2201600,0,75656,408000000,0
2025-09-26T16:08:04+09:00,83343,2201600,0,75750,408000000,0
2025-09-26T16:08:15+09:00,83468,2201600,0,75968,408000000,0
2025-09-26T16:08:25+09:00,83156,2201600,0,75968,306000000,0
2025-09-26T16:08:35+09:00,83531,2201600,0,75937,408000000,0
2025-09-26T16:08:45+09:00,83343,2201600,0,76031,408000000,0
2025-09-26T16:08:55+09:00,83562,2201600,0,76250,408000000,0
2025-09-26T16:09:05+09:00,83500,2201600,0,76187,306000000,0
2025-09-26T16:09:15+09:00,83468,2201600,0,76406,408000000,0
2025-09-26T16:09:25+09:00,83781,2201600,0,76218,408000000,0
2025-09-26T16:09:36+09:00,83718,2201600,0,76187,510000000,0
2025-09-26T16:09:46+09:00,83562,2201600,0,76406,408000000,0
2025-09-26T16:09:56+09:00,83656,2201600,0,76468,408000000,0
2025-09-26T16:10:06+09:00,83843,2201600,0,76531,408000000,0
2025-09-26T16:10:16+09:00,84125,2201600,0,76406,510000000,0
2025-09-26T16:10:26+09:00,84031,2201600,0,76812,408000000,0
2025-09-26T16:10:36+09:00,83937,2201600,0,76593,408000000,0
2025-09-26T16:10:46+09:00,83937,2201600,0,76875,408000000,0
2025-09-26T16:10:57+09:00,84250,2201600,0,77031,408000000,0
2025-09-26T16:11:07+09:00,84343,2201600,0,76875,408000000,0
2025-09-26T16:11:17+09:00,84562,2201600,0,76687,408000000,0
2025-09-26T16:11:27+09:00,84531,2201600,0,76906,510000000,0
2025-09-26T16:11:37+09:00,84562,2201600,0,76843,408000000,0
2025-09-26T16:11:47+09:00,84281,2201600,0,76875,408000000,0
2025-09-26T16:11:57+09:00,84500,2201600,0,76968,408000000,0
2025-09-26T16:12:07+09:00,84812,2201600,0,77000,408000000,0
2025-09-26T16:12:18+09:00,84531,2201600,0,77093,408000000,0
2025-09-26T16:12:28+09:00,84812,2201600,0,77375,408000000,0
2025-09-26T16:12:38+09:00,84625,2201600,0,77218,510000000,0
2025-09-26T16:12:48+09:00,84750,2201600,0,77281,510000000,0
2025-09-26T16:12:58+09:00,84750,2201600,0,77281,408000000,0
2025-09-26T16:13:08+09:00,84906,2201600,0,77500,510000000,0
2025-09-26T16:13:18+09:00,84968,2201600,0,77437,510000000,0
2025-09-26T16:13:28+09:00,85125,2201600,0,77500,408000000,0
2025-09-26T16:13:39+09:00,85062,2201600,0,77375,408000000,0
2025-09-26T16:13:49+09:00,85093,2201600,0,77750,408000000,0
2025-09-26T16:13:59+09:00,85125,2201600,0,77625,408000000,0
2025-09-26T16:14:09+09:00,85156,2201600,0,77875,510000000,0
2025-09-26T16:14:19+09:00,85125,2201600,0,77625,408000000,0
2025-09-26T16:14:29+09:00,85312,2201600,0,77656,408000000,0
2025-09-26T16:14:39+09:00,85281,2201600,0,77781,408000000,0
2025-09-26T16:14:50+09:00,85468,2201600,0,77875,408000000,0
2025-09-26T16:15:00+09:00,85375,2201600,0,78187,408000000,0
2025-09-26T16:15:10+09:00,85437,2201600,0,77875,408000000,0
2025-09-26T16:15:20+09:00,85687,2201600,0,77906,408000000,0
2025-09-26T16:15:30+09:00,85625,2201600,0,78250,408000000,0
2025-09-26T16:15:40+09:00,85781,2201600,0,78031,510000000,0
2025-09-26T16:15:51+09:00,85750,2201600,0,78125,408000000,0
2025-09-26T16:16:01+09:00,85937,2201600,0,78218,612000000,0
2025-09-26T16:16:11+09:00,85937,2201600,0,78343,612000000,0
2025-09-26T16:16:21+09:00,86093,2201600,0,78437,612000000,0
2025-09-26T16:16:31+09:00,85937,2201600,0,78562,612000000,0
2025-09-26T16:16:41+09:00,86093,2201600,0,78843,408000000,0
2025-09-26T16:16:51+09:00,85843,2201600,0,78562,510000000,0
2025-09-26T16:17:02+09:00,86000,2201600,0,78468,408000000,0
2025-09-26T16:17:12+09:00,86281,2201600,0,78437,408000000,0
2025-09-26T16:17:22+09:00,86125,2201600,0,78781,408000000,0
2025-09-26T16:17:32+09:00,86531,2201600,0,78843,408000000,0
2025-09-26T16:17:42+09:00,86406,2201600,0,78656,408000000,0
2025-09-26T16:17:52+09:00,86500,2201600,0,78812,408000000,0
2025-09-26T16:18:03+09:00,86468,2201600,0,78781,408000000,0
2025-09-26T16:18:13+09:00,86406,2201600,0,78968,612000000,0
2025-09-26T16:18:23+09:00,86625,2201600,0,79031,408000000,0
2025-09-26T16:18:33+09:00,86406,2201600,0,79125,408000000,0
2025-09-26T16:18:43+09:00,86562,2201600,0,79187,408000000,0
2025-09-26T16:18:53+09:00,86625,2201600,0,78937,408000000,0
2025-09-26T16:19:03+09:00,86593,2201600,0,79218,510000000,0
2025-09-26T16:19:14+09:00,86625,2201600,0,79156,510000000,0
2025-09-26T16:19:24+09:00,86843,2201600,0,79250,510000000,0
2025-09-26T16:19:34+09:00,86843,2201600,0,79312,510000000,0
2025-09-26T16:19:44+09:00,86843,2201600,0,79250,408000000,0
2025-09-26T16:19:54+09:00,87187,2201600,0,79343,510000000,0
2025-09-26T16:20:04+09:00,86906,2201600,0,79406,408000000,0
2025-09-26T16:20:14+09:00,87125,2201600,0,79468,408000000,0
2025-09-26T16:20:24+09:00,87031,2201600,0,79718,510000000,0
2025-09-26T16:20:35+09:00,87093,2201600,0,79531,612000000,0
2025-09-26T16:20:45+09:00,87125,2201600,0,79625,408000000,0
2025-09-26T16:20:55+09:00,87437,2201600,0,79812,408000000,0
2025-09-26T16:21:05+09:00,87218,2201600,0,79750,408000000,0
2025-09-26T16:21:15+09:00,87312,2201600,0,79656,408000000,0
2025-09-26T16:21:25+09:00,87375,2201600,0,79937,408000000,0
2025-09-26T16:21:35+09:00,87375,2201600,0,80062,510000000,0
2025-09-26T16:21:46+09:00,87750,2201600,0,79937,408000000,0
2025-09-26T16:21:56+09:00,87406,2201600,0,79968,408000000,0
2025-09-26T16:22:06+09:00,87750,2201600,0,79875,408000000,0
2025-09-26T16:22:16+09:00,87687,2201600,0,79937,408000000,0
2025-09-26T16:22:26+09:00,87531,2201600,0,79968,408000000,0
2025-09-26T16:22:36+09:00,87625,2201600,0,80218,510000000,0
2025-09-26T16:22:46+09:00,87718,2201600,0,80031,408000000,0
2025-09-26T16:22:57+09:00,87843,2201600,0,80156,408000000,0
2025-09-26T16:23:07+09:00,87937,2201600,0,80406,408000000,0
2025-09-26T16:23:17+09:00,87937,2201600,0,80187,408000000,0
2025-09-26T16:23:27+09:00,87937,2201600,0,80312,510000000,0
2025-09-26T16:23:37+09:00,88031,2201600,0,80281,408000000,0
2025-09-26T16:23:47+09:00,88281,2201600,0,80250,408000000,0
2025-09-26T16:23:57+09:00,88218,2201600,0,80468,510000000,0
2025-09-26T16:24:07+09:00,88250,2201600,0,80437,408000000,0
2025-09-26T16:24:18+09:00,88406,2201600,0,80593,510000000,0
2025-09-26T16:24:28+09:00,88218,2201600,0,80718,408000000,0
2025-09-26T16:24:38+09:00,88312,2201600,0,80718,510000000,0
2025-09-26T16:24:48+09:00,88343,2201600,0,80843,612000000,0
2025-09-26T16:24:58+09:00,88312,2201600,0,80875,408000000,0
2025-09-26T16:25:08+09:00,88500,2201600,0,81062,510000000,0
2025-09-26T16:25:19+09:00,88406,2201600,0,80875,408000000,0
2025-09-26T16:25:29+09:00,88437,2201600,0,80843,510000000,0
2025-09-26T16:25:39+09:00,88437,2201600,0,80937,408000000,0
2025-09-26T16:25:49+09:00,88656,2201600,0,80906,612000000,0
2025-09-26T16:25:59+09:00,88593,2201600,0,80906,408000000,0
2025-09-26T16:26:09+09:00,88687,2201600,0,81218,408000000,0
2025-09-26T16:26:19+09:00,88625,2201600,0,80906,408000000,0
2025-09-26T16:26:30+09:00,88875,2201600,0,81156,408000000,0
2025-09-26T16:26:40+09:00,88968,2201600,0,81281,612000000,0
2025-09-26T16:26:50+09:00,88875,2201600,0,81406,510000000,0
2025-09-26T16:27:00+09:00,88968,2201600,0,81187,408000000,0
2025-09-26T16:27:10+09:00,89187,2201600,0,81500,408000000,0
2025-09-26T16:27:20+09:00,89218,2201600,0,81375,408000000,0
2025-09-26T16:27:30+09:00,89062,2201600,0,81343,408000000,0
2025-09-26T16:27:40+09:00,89343,2201600,0,81750,408000000,0
2025-09-26T16:27:51+09:00,89062,2201600,0,81750,408000000,0
2025-09-26T16:28:01+09:00,89093,2201600,0,81406,510000000,0
2025-09-26T16:28:11+09:00,89156,2201600,0,81468,510000000,0
2025-09-26T16:28:21+09:00,89218,2201600,0,81656,408000000,0
2025-09-26T16:28:31+09:00,89406,2201600,0,81656,408000000,0
2025-09-26T16:28:41+09:00,89250,2201600,0,81500,408000000,0
2025-09-26T16:28:51+09:00,89281,2201600,0,81906,408000000,0
2025-09-26T16:29:02+09:00,89437,2201600,0,81812,408000000,0
2025-09-26T16:29:12+09:00,89343,2201600,0,81843,408000000,0
2025-09-26T16:29:22+09:00,89531,2201600,0,81718,510000000,0
2025-09-26T16:29:32+09:00,89468,2201600,0,82000,408000000,0
2025-09-26T16:29:42+09:00,89531,2201600,0,81875,510000000,0
2025-09-26T16:29:52+09:00,89687,2201600,0,81968,612000000,0
2025-09-26T16:30:03+09:00,89656,2201600,0,81875,408000000,0
2025-09-26T16:30:13+09:00,89875,2201600,0,82093,510000000,0
2025-09-26T16:30:23+09:00,89750,2201600,0,82031,510000000,0
2025-09-26T16:30:33+09:00,89937,2201600,0,82156,918000000,0
2025-09-26T16:30:43+09:00,89937,2201600,0,82281,408000000,0
2025-09-26T16:30:53+09:00,89812,2201600,0,82062,510000000,0
2025-09-26T16:31:03+09:00,89875,2201600,0,82156,408000000,0
2025-09-26T16:31:13+09:00,89875,2201600,0,82375,408000000,0
2025-09-26T16:31:24+09:00,90000,2201600,0,82500,510000000,0
2025-09-26T16:31:34+09:00,90000,2201600,0,82218,306000000,0
2025-09-26T16:31:44+09:00,90125,2201600,0,82718,306000000,0
2025-09-26T16:31:54+09:00,90187,2201600,0,82687,408000000,0
2025-09-26T16:32:04+09:00,90125,2201600,0,82437,510000000,0
2025-09-26T16:32:14+09:00,90250,2201600,0,82500,408000000,0
2025-09-26T16:32:24+09:00,90250,2201600,0,82468,510000000,0
2025-09-26T16:32:34+09:00,90250,2201600,0,82750,408000000,0
2025-09-26T16:32:45+09:00,90250,2201600,0,82562,408000000,0
2025-09-26T16:32:55+09:00,90593,2201600,0,82562,408000000,0
2025-09-26T16:33:05+09:00,90218,2201600,0,82687,408000000,0
2025-09-26T16:33:15+09:00,90531,2201600,0,82937,408000000,0
2025-09-26T16:33:25+09:00,90625,2201600,0,82625,408000000,0
2025-09-26T16:33:35+09:00,90562,2201600,0,82937,408000000,0
2025-09-26T16:33:46+09:00,90500,2201600,0,83062,510000000,0
2025-09-26T16:33:56+09:00,90562,2201600,0,82937,408000000,0
2025-09-26T16:34:06+09:00,90562,2201600,0,82843,408000000,0
2025-09-26T16:34:16+09:00,90875,2201600,0,83062,408000000,0
2025-09-26T16:34:26+09:00,90843,2201600,0,83156,408000000,0
2025-09-26T16:34:36+09:00,90718,2201600,0,82906,408000000,0
2025-09-26T16:34:46+09:00,90781,2201600,0,83187,408000000,0
2025-09-26T16:34:56+09:00,91062,2201600,0,83031,408000000,0
2025-09-26T16:35:06+09:00,90968,2201600,0,83250,408000000,0
2025-09-26T16:35:17+09:00,90843,2201600,0,83500,408000000,0
2025-09-26T16:35:27+09:00,91156,2201600,0,83312,306000000,0
2025-09-26T16:35:37+09:00,90968,2201600,0,83250,408000000,0
2025-09-26T16:35:47+09:00,90937,2201600,0,83343,408000000,0
2025-09-26T16:35:57+09:00,91343,2201600,0,83250,510000000,0
2025-09-26T16:36:07+09:00,91125,2201600,0,83625,510000000,0
2025-09-26T16:36:17+09:00,91406,2201600,0,83437,408000000,0
2025-09-26T16:36:27+09:00,91156,2201600,0,83468,408000000,0
2025-09-26T16:36:38+09:00,91468,2201600,0,83843,510000000,0
2025-09-26T16:36:48+09:00,91500,2201600,0,83375,408000000,0
2025-09-26T16:36:58+09:00,91312,2201600,0,83875,510000000,0
2025-09-26T16:37:08+09:00,91312,2201600,0,83812,408000000,0
2025-09-26T16:37:18+09:00,91687,2201600,0,83750,408000000,0
2025-09-26T16:37:28+09:00,91406,2201600,0,83625,408000000,0
2025-09-26T16:37:38+09:00,91718,2201600,0,83656,510000000,0
2025-09-26T16:37:48+09:00,91781,2201600,0,83593,408000000,0
2025-09-26T16:37:58+09:00,91562,2201600,0,83937,612000000,0
2025-09-26T16:38:09+09:00,91531,2201600,0,83781,408000000,0
2025-09-26T16:38:19+09:00,91656,2201600,0,84000,612000000,0
2025-09-26T16:38:29+09:00,91593,2201600,0,84062,408000000,0
2025-09-26T16:38:39+09:00,91718,2201600,0,83968,510000000,0
2025-09-26T16:38:49+09:00,91750,2201600,0,84062,510000000,0
2025-09-26T16:38:59+09:00,91812,2201600,0,84156,510000000,0
2025-09-26T16:39:09+09:00,91812,2201600,0,83968,510000000,0
2025-09-26T16:39:19+09:00,92031,2201600,0,84031,408000000,0
2025-09-26T16:39:30+09:00,91875,2201600,0,84156,408000000,0
2025-09-26T16:39:40+09:00,91812,2201600,0,84062,408000000,0
2025-09-26T16:39:50+09:00,92062,2201600,0,84312,408000000,0
2025-09-26T16:40:00+09:00,92093,2201600,0,84468,408000000,0
2025-09-26T16:40:10+09:00,91843,2201600,0,84187,408000000,0
2025-09-26T16:40:20+09:00,92031,2201600,0,84343,408000000,0
2025-09-26T16:40:31+09:00,92093,2201600,0,84437,510000000,0
2025-09-26T16:40:41+09:00,92093,2201600,0,84312,510000000,0
2025-09-26T16:40:51+09:00,92125,2201600,0,84593,510000000,0
2025-09-26T16:41:01+09:00,92125,2201600,0,84437,408000000,0
2025-09-26T16:41:11+09:00,92156,2201600,0,84625,408000000,0
2025-09-26T16:41:21+09:00,92375,2201600,0,84593,408000000,0
2025-09-26T16:41:31+09:00,92250,2201600,0,84406,408000000,0
2025-09-26T16:41:41+09:00,92312,2201600,0,84468,510000000,0
2025-09-26T16:41:52+09:00,92375,2201600,0,84843,612000000,0
2025-09-26T16:42:02+09:00,92593,2201600,0,84750,510000000,0
2025-09-26T16:42:12+09:00,92312,2201600,0,84812,306000000,0
2025-09-26T16:42:22+09:00,92656,2201600,0,84687,408000000,0
2025-09-26T16:42:32+09:00,92562,2201600,0,84562,306000000,0
2025-09-26T16:42:42+09:00,92375,2201600,0,84531,408000000,0
2025-09-26T16:42:52+09:00,92781,2201600,0,84812,408000000,0
2025-09-26T16:43:02+09:00,92437,2201600,0,84718,408000000,0
2025-09-26T16:43:13+09:00,92593,2201600,0,84625,306000000,0
2025-09-26T16:43:23+09:00,92531,2201600,0,84843,918000000,0
2025-09-26T16:43:33+09:00,92687,2201600,0,84750,408000000,0
2025-09-26T16:43:43+09:00,92718,2201600,0,84781,306000000,0
2025-09-26T16:43:53+09:00,92718,2201600,0,84812,306000000,0
2025-09-26T16:44:03+09:00,92687,2201600,0,84937,306000000,0
2025-09-26T16:44:13+09:00,92718,2201600,0,84937,510000000,0
2025-09-26T16:44:24+09:00,92750,2201600,0,84906,408000000,0
2025-09-26T16:44:34+09:00,92812,2201600,0,85125,510000000,0
2025-09-26T16:44:44+09:00,92656,2201600,0,84843,408000000,0
2025-09-26T16:44:54+09:00,92750,2201600,0,84843,306000000,0
2025-09-26T16:45:04+09:00,92750,2201600,0,85187,306000000,0
2025-09-26T16:45:14+09:00,92843,2201600,0,84875,306000000,0
2025-09-26T16:45:25+09:00,92781,2201600,0,84937,408000000,0
2025-09-26T16:45:35+09:00,92843,2201600,0,85218,408000000,0
2025-09-26T16:45:45+09:00,92906,2201600,0,84875,306000000,0
2025-09-26T16:45:55+09:00,93093,2201600,0,85062,306000000,0
2025-09-26T16:46:05+09:00,93000,2201600,0,85093,306000000,0
2025-09-26T16:46:15+09:00,93093,2201600,0,85062,306000000,0
2025-09-26T16:46:25+09:00,93187,2201600,0,85125,306000000,0
2025-09-26T16:46:36+09:00,93031,2201600,0,85156,408000000,0
2025-09-26T16:46:46+09:00,93031,2201600,0,85375,408000000,0
2025-09-26T16:46:56+09:00,93312,2201600,0,85187,306000000,0
2025-09-26T16:47:06+09:00,93156,2201600,0,85062,306000000,0
2025-09-26T16:47:16+09:00,93062,2201600,0,85281,408000000,0
2025-09-26T16:47:26+09:00,93312,2201600,0,85218,408000000,0
2025-09-26T16:47:36+09:00,93218,2201600,0,85156,306000000,0
2025-09-26T16:47:46+09:00,93437,2201600,0,85531,408000000,0
2025-09-26T16:47:57+09:00,93218,2201600,0,85187,408000000,0
2025-09-26T16:48:07+09:00,93250,2201600,0,85406,408000000,0
2025-09-26T16:48:17+09:00,93250,2201600,0,85625,408000000,0
2025-09-26T16:48:27+09:00,93593,2201600,0,85531,408000000,0
2025-09-26T16:48:37+09:00,93406,2201600,0,85562,306000000,0
2025-09-26T16:48:47+09:00,93375,2201600,0,85625,408000000,0
2025-09-26T16:48:58+09:00,93343,2201600,0,85375,306000000,0
2025-09-26T16:49:08+09:00,93531,2201600,0,85781,408000000,0
2025-09-26T16:49:18+09:00,93593,2201600,0,85781,918000000,0
2025-09-26T16:49:28+09:00,93625,2201600,0,85843,408000000,0
2025-09-26T16:49:38+09:00,93406,2201600,0,85718,408000000,0
2025-09-26T16:49:48+09:00,93718,2201600,0,85625,408000000,0
2025-09-26T16:49:58+09:00,93750,2201600,0,85562,306000000,0
2025-09-26T16:50:08+09:00,93593,2201600,0,85625,408000000,0
2025-09-26T16:50:19+09:00,93843,2201600,0,85625,408000000,0
2025-09-26T16:50:29+09:00,93718,2201600,0,85781,408000000,0
2025-09-26T16:50:39+09:00,93625,2201600,0,86031,408000000,0
2025-09-26T16:50:49+09:00,93812,2201600,0,85718,306000000,0
2025-09-26T16:50:59+09:00,93937,2201600,0,85750,408000000,0
2025-09-26T16:51:09+09:00,93843,2201600,0,85687,306000000,0
2025-09-26T16:51:20+09:00,93718,2201600,0,85718,408000000,0
2025-09-26T16:51:30+09:00,93937,2201600,0,85906,408000000,0
2025-09-26T16:51:40+09:00,93812,2201600,0,85906,408000000,0
2025-09-26T16:51:50+09:00,93937,2201600,0,85937,306000000,0
2025-09-26T16:52:00+09:00,93812,2201600,0,85906,408000000,0
2025-09-26T16:52:10+09:00,94000,2201600,0,86125,408000000,0
2025-09-26T16:52:21+09:00,94156,2201600,0,86281,408000000,0
2025-09-26T16:52:31+09:00,93875,2201600,0,86125,306000000,0
2025-09-26T16:52:41+09:00,94093,2201600,0,86031,408000000,0
2025-09-26T16:52:51+09:00,94156,2201600,0,86218,408000000,0
2025-09-26T16:53:01+09:00,94250,2201600,0,86062,408000000,0
2025-09-26T16:53:11+09:00,94000,2201600,0,86093,306000000,0
2025-09-26T16:53:21+09:00,94156,2201600,0,86000,306000000,0
2025-09-26T16:53:32+09:00,94281,2201600,0,85968,306000000,0
2025-09-26T16:53:42+09:00,94250,2201600,0,86343,408000000,0
2025-09-26T16:53:52+09:00,94343,2201600,0,86125,306000000,0
2025-09-26T16:54:02+09:00,94250,2201600,0,86281,816000000,0
2025-09-26T16:54:12+09:00,94093,2201600,0,86156,306000000,0
2025-09-26T16:54:22+09:00,94218,2201600,0,86156,306000000,0
2025-09-26T16:54:32+09:00,94250,2201600,0,86500,306000000,0
2025-09-26T16:54:43+09:00,94406,2201600,0,86156,306000000,0
2025-09-26T16:54:53+09:00,94343,2201600,0,86375,306000000,0
2025-09-26T16:55:03+09:00,94406,2201600,0,86218,306000000,0
2025-09-26T16:55:13+09:00,94531,2201600,0,86375,306000000,0
2025-09-26T16:55:23+09:00,94468,2201600,0,86406,306000000,0
2025-09-26T16:55:33+09:00,94312,2201600,0,86468,408000000,0
2025-09-26T16:55:43+09:00,94593,2201600,0,86500,306000000,0
2025-09-26T16:55:54+09:00,94718,2201600,0,86625,510000000,0
2025-09-26T16:56:04+09:00,94718,2201600,0,86593,408000000,0
2025-09-26T16:56:14+09:00,94468,2201600,0,86687,408000000,0
2025-09-26T16:56:24+09:00,94625,2201600,0,86531,408000000,0
2025-09-26T16:56:34+09:00,94593,2201600,0,86562,408000000,0
2025-09-26T16:56:44+09:00,94531,2201600,0,86625,408000000,0
2025-09-26T16:56:54+09:00,94656,2201600,0,86625,408000000,0
2025-09-26T16:57:05+09:00,94718,2201600,0,86593,408000000,0
2025-09-26T16:57:15+09:00,94593,2201600,0,86593,306000000,0
2025-09-26T16:57:25+09:00,94812,2201600,0,86625,408000000,0
2025-09-26T16:57:35+09:00,94718,2201600,0,86968,408000000,0
2025-09-26T16:57:45+09:00,94812,2201600,0,86875,306000000,0
2025-09-26T16:57:55+09:00,94937,2201600,0,87156,408000000,0
2025-09-26T16:58:05+09:00,95031,2201600,0,86718,408000000,0
2025-09-26T16:58:15+09:00,94968,2201600,0,86812,408000000,0
2025-09-26T16:58:26+09:00,94843,2201600,0,86812,408000000,0
2025-09-26T16:58:36+09:00,94875,2201600,0,87000,408000000,0
2025-09-26T16:58:46+09:00,94968,2201600,0,87187,408000000,0
2025-09-26T16:58:56+09:00,95156,2201600,0,87125,408000000,0
2025-09-26T16:59:06+09:00,95312,2201600,0,87062,408000000,0
2025-09-26T16:59:16+09:00,95250,2201600,0,87125,510000000,0
2025-09-26T16:59:26+09:00,95218,2201600,0,87375,510000000,0
2025-09-26T16:59:37+09:00,95125,2201600,0,87093,408000000,0
2025-09-26T16:59:47+09:00,95218,2201600,0,87281,408000000,0
2025-09-26T16:59:57+09:00,95218,2201600,0,87187,510000000,0
2025-09-26T17:00:07+09:00,95468,2201600,0,87375,408000000,0
2025-09-26T17:00:17+09:00,95593,2201600,0,87531,510000000,0
2025-09-26T17:00:27+09:00,95531,2201600,0,87218,510000000,0
2025-09-26T17:00:38+09:00,95343,2201600,0,87468,408000000,0
2025-09-26T17:00:48+09:00,95375,2201600,0,87437,510000000,0
2025-09-26T17:00:58+09:00,95750,2201600,0,87718,510000000,0
2025-09-26T17:01:08+09:00,95437,2201600,0,87656,612000000,0
2025-09-26T17:01:18+09:00,95531,2201600,0,87562,408000000,0
2025-09-26T17:01:28+09:00,95406,2201600,0,87718,510000000,0
2025-09-26T17:01:38+09:00,95468,2201600,0,87562,408000000,0
2025-09-26T17:01:48+09:00,95437,2201600,0,87750,408000000,0
2025-09-26T17:01:59+09:00,95781,2201600,0,87406,408000000,0
2025-09-26T17:02:09+09:00,95656,2201600,0,87812,408000000,0
2025-09-26T17:02:19+09:00,96000,2201600,0,87937,612000000,0
2025-09-26T17:02:29+09:00,95718,2201600,0,87718,408000000,0
2025-09-26T17:02:39+09:00,95875,2201600,0,87781,408000000,0
2025-09-26T17:02:49+09:00,95656,2201600,0,87843,408000000,0
2025-09-26T17:02:59+09:00,95687,2201600,0,87875,408000000,0
2025-09-26T17:03:10+09:00,95750,2201600,0,87656,408000000,0
2025-09-26T17:03:20+09:00,95687,2201600,0,87750,510000000,0
2025-09-26T17:03:30+09:00,95843,2201600,0,87812,408000000,0
2025-09-26T17:03:40+09:00,95812,2201600,0,88062,510000000,0
2025-09-26T17:03:50+09:00,95875,2201600,0,88062,408000000,0
2025-09-26T17:04:00+09:00,95937,2201600,0,87906,408000000,0
2025-09-26T17:04:10+09:00,96000,2201600,0,88093,408000000,0
2025-09-26T17:04:21+09:00,96093,2201600,0,88093,510000000,0
2025-09-26T17:04:31+09:00,95875,2201600,0,88062,306000000,0
2025-09-26T17:04:41+09:00,96125,2201600,0,88218,306000000,0
2025-09-26T17:04:51+09:00,95906,2201600,0,87968,306000000,0
2025-09-26T17:05:01+09:00,95937,2201600,0,88156,306000000,0
2025-09-26T17:05:11+09:00,95968,2201600,0,88125,306000000,0
2025-09-26T17:05:21+09:00,95906,2201600,0,88156,306000000,0
2025-09-26T17:05:32+09:00,95875,2201600,0,88000,408000000,0
2025-09-26T17:05:42+09:00,96000,2201600,0,88156,408000000,0
2025-09-26T17:05:52+09:00,96093,2201600,0,88062,408000000,0
2025-09-26T17:06:02+09:00,96218,2201600,0,88156,408000000,0
2025-09-26T17:06:12+09:00,96312,2201600,0,88093,408000000,0
2025-09-26T17:06:22+09:00,96093,2201600,0,88031,408000000,0
2025-09-26T17:06:33+09:00,96218,2201600,0,88125,306000000,0
2025-09-26T17:06:43+09:00,96281,2201600,0,88062,408000000,0
2025-09-26T17:06:53+09:00,96125,2201600,0,88062,306000000,0
2025-09-26T17:07:03+09:00,96343,2201600,0,88093,306000000,0
2025-09-26T17:07:13+09:00,96281,2201600,0,88250,408000000,0
2025-09-26T17:07:23+09:00,96125,2201600,0,88187,408000000,0
2025-09-26T17:07:33+09:00,96093,2201600,0,88187,306000000,0
2025-09-26T17:07:43+09:00,96250,2201600,0,88531,306000000,0
2025-09-26T17:07:54+09:00,96343,2201600,0,88468,306000000,0
2025-09-26T17:08:04+09:00,96343,2201600,0,88187,306000000,0
2025-09-26T17:08:14+09:00,96437,2201600,0,88218,306000000,0
2025-09-26T17:08:24+09:00,96500,2201600,0,88250,306000000,0
2025-09-26T17:08:34+09:00,96312,2201600,0,88562,306000000,0
2025-09-26T17:08:44+09:00,96406,2201600,0,88312,306000000,0
2025-09-26T17:08:55+09:00,96343,2201600,0,88187,306000000,0
2025-09-26T17:09:05+09:00,96468,2201600,0,88562,408000000,0
2025-09-26T17:09:15+09:00,96500,2201600,0,88562,306000000,0
2025-09-26T17:09:25+09:00,96406,2201600,0,88468,816000000,0
2025-09-26T17:09:35+09:00,96812,2201600,0,88406,306000000,0
2025-09-26T17:09:45+09:00,96375,2201600,0,88531,306000000,0
2025-09-26T17:09:55+09:00,96531,2201600,0,88531,408000000,0
2025-09-26T17:10:06+09:00,96500,2201600,0,88593,306000000,0
2025-09-26T17:10:16+09:00,96656,2201600,0,88437,306000000,0
2025-09-26T17:10:26+09:00,96687,2201600,0,88812,408000000,0
2025-09-26T17:10:36+09:00,96656,2201600,0,88593,408000000,0
2025-09-26T17:10:46+09:00,96531,2201600,0,88625,306000000,0
2025-09-26T17:10:57+09:00,96656,2201600,0,88500,306000000,0
2025-09-26T17:11:07+09:00,96781,2201600,0,88656,408000000,0
2025-09-26T17:11:17+09:00,96687,2201600,0,88968,408000000,0
2025-09-26T17:11:27+09:00,96718,2201600,0,88593,306000000,0
2025-09-26T17:11:37+09:00,96687,2201600,0,88687,306000000,0
2025-09-26T17:11:47+09:00,96906,2201600,0,88687,306000000,0
2025-09-26T17:11:57+09:00,96781,2201600,0,88687,306000000,0
2025-09-26T17:12:08+09:00,96781,2201600,0,88656,306000000,0
2025-09-26T17:12:18+09:00,96718,2201600,0,89000,408000000,0
2025-09-26T17:12:28+09:00,96875,2201600,0,88625,408000000,0
2025-09-26T17:12:38+09:00,96875,2201600,0,88656,306000000,0
2025-09-26T17:12:48+09:00,96875,2201600,0,88937,306000000,0
2025-09-26T17:12:58+09:00,97031,2201600,0,88812,408000000,0
2025-09-26T17:13:09+09:00,97093,2201600,0,88718,306000000,0
2025-09-26T17:13:19+09:00,96875,2201600,0,88718,306000000,0
2025-09-26T17:13:29+09:00,96937,2201600,0,89156,408000000,0
2025-09-26T17:13:39+09:00,97000,2201600,0,88843,306000000,0
2025-09-26T17:13:49+09:00,97093,2201600,0,88968,510000000,0
2025-09-26T17:13:59+09:00,97125,2201600,0,89093,306000000,0
2025-09-26T17:14:09+09:00,97031,2201600,0,89125,408000000,0
2025-09-26T17:14:20+09:00,96875,2201600,0,88968,306000000,0
2025-09-26T17:14:30+09:00,97281,2201600,0,88906,408000000,0
2025-09-26T17:14:40+09:00,97093,2201600,0,89062,408000000,0
2025-09-26T17:14:50+09:00,97062,2201600,0,89031,408000000,0
2025-09-26T17:15:00+09:00,97250,2201600,0,89031,306000000,0
2025-09-26T17:15:10+09:00,97218,2201600,0,88968,306000000,0
2025-09-26T17:15:20+09:00,97218,2201600,0,89031,306000000,0
2025-09-26T17:15:31+09:00,97531,2201600,0,89031,306000000,0
2025-09-26T17:15:41+09:00,97281,2201600,0,89187,306000000,0
2025-09-26T17:15:51+09:00,97187,2201600,0,89343,306000000,0
2025-09-26T17:16:01+09:00,97187,2201600,0,88968,306000000,0
2025-09-26T17:16:11+09:00,97437,2201600,0,89187,306000000,0
2025-09-26T17:16:21+09:00,97250,2201600,0,89031,306000000,0
2025-09-26T17:16:32+09:00,97156,2201600,0,89187,408000000,0
2025-09-26T17:16:42+09:00,97187,2201600,0,89375,408000000,0
2025-09-26T17:16:52+09:00,97343,2201600,0,89218,306000000,0
2025-09-26T17:17:02+09:00,97531,2201600,0,89093,306000000,0
2025-09-26T17:17:12+09:00,97187,2201600,0,89281,306000000,0
2025-09-26T17:17:22+09:00,97562,2201600,0,89500,306000000,0
2025-09-26T17:17:32+09:00,97500,2201600,0,89281,306000000,0
2025-09-26T17:17:42+09:00,97625,2201600,0,89375,306000000,0
2025-09-26T17:17:53+09:00,97343,2201600,0,89468,306000000,0
2025-09-26T17:18:03+09:00,97312,2201600,0,89218,306000000,0
2025-09-26T17:18:13+09:00,97437,2201600,0,89468,306000000,0
2025-09-26T17:18:23+09:00,97406,2201600,0,89343,306000000,0
2025-09-26T17:18:33+09:00,97500,2201600,0,89562,306000000,0
2025-09-26T17:18:43+09:00,97593,2201600,0,89531,306000000,0
2025-09-26T17:18:54+09:00,97687,2201600,0,89468,306000000,0
2025-09-26T17:19:04+09:00,97593,2201600,0,89562,306000000,0
2025-09-26T17:19:14+09:00,97812,2201600,0,89718,306000000,0
2025-09-26T17:19:24+09:00,97625,2201600,0,89593,306000000,0
2025-09-26T17:19:34+09:00,97968,2201600,0,89531,306000000,0
2025-09-26T17:19:44+09:00,97593,2201600,0,89343,306000000,0
2025-09-26T17:19:54+09:00,97687,2201600,0,89375,306000000,0
2025-09-26T17:20:05+09:00,98031,2201600,0,89531,306000000,0
2025-09-26T17:20:15+09:00,97625,2201600,0,89437,306000000,0
2025-09-26T17:20:25+09:00,97562,2201600,0,89500,306000000,0
2025-09-26T17:20:35+09:00,98125,2201600,0,89468,306000000,0
2025-09-26T17:20:45+09:00,97625,2201600,0,89500,408000000,0
2025-09-26T17:20:55+09:00,97656,2201600,0,89968,408000000,0
2025-09-26T17:21:05+09:00,97750,2201600,0,90031,510000000,0
2025-09-26T17:21:16+09:00,97875,2201600,0,89843,612000000,0
2025-09-26T17:21:26+09:00,98031,2201600,0,89843,510000000,0
2025-09-26T17:21:36+09:00,98031,2201600,0,89937,408000000,0
2025-09-26T17:21:46+09:00,97843,2201600,0,89937,408000000,0
2025-09-26T17:21:56+09:00,98031,2201600,0,89906,408000000,0
2025-09-26T17:22:06+09:00,97906,2201600,0,89906,408000000,0
2025-09-26T17:22:16+09:00,98031,2201600,0,90281,408000000,0
2025-09-26T17:22:27+09:00,98062,2201600,0,89937,408000000,0
2025-09-26T17:22:37+09:00,98187,2201600,0,90031,510000000,0
2025-09-26T17:22:47+09:00,98125,2201600,0,90031,408000000,0
2025-09-26T17:22:57+09:00,98062,2201600,0,90156,408000000,0
2025-09-26T17:23:07+09:00,98312,2201600,0,90250,408000000,0
2025-09-26T17:23:17+09:00,98218,2201600,0,90312,510000000,0
2025-09-26T17:23:27+09:00,98156,2201600,0,90250,408000000,0
2025-09-26T17:23:38+09:00,98312,2201600,0,90125,306000000,0
2025-09-26T17:23:48+09:00,98218,2201600,0,90062,510000000,0
2025-09-26T17:23:58+09:00,98156,2201600,0,90312,306000000,0
2025-09-26T17:24:08+09:00,98312,2201600,0,90281,408000000,0
2025-09-26T17:24:18+09:00,98281,2201600,0,90437,510000000,0
2025-09-26T17:24:28+09:00,98343,2201600,0,90250,408000000,0
2025-09-26T17:24:38+09:00,98437,2201600,0,90468,510000000,0
2025-09-26T17:24:48+09:00,98468,2201600,0,90468,408000000,0
2025-09-26T17:24:59+09:00,98281,2201600,0,90687,408000000,0
2025-09-26T17:25:09+09:00,98468,2201600,0,90187,408000000,0
2025-09-26T17:25:19+09:00,98531,2201600,0,90593,510000000,0
2025-09-26T17:25:29+09:00,98406,2201600,0,90625,408000000,0
2025-09-26T17:25:39+09:00,98593,2201600,0,90312,408000000,0
2025-09-26T17:25:49+09:00,98437,2201600,0,90562,510000000,0
2025-09-26T17:25:59+09:00,98562,2201600,0,90718,408000000,0
2025-09-26T17:26:09+09:00,98500,2201600,0,90437,306000000,0
2025-09-26T17:26:20+09:00,98593,2201600,0,90468,510000000,0
2025-09-26T17:26:30+09:00,98593,2201600,0,90718,408000000,0
2025-09-26T17:26:40+09:00,98656,2201600,0,90625,408000000,0
2025-09-26T17:26:50+09:00,98531,2201600,0,90468,408000000,0
2025-09-26T17:27:00+09:00,98656,2201600,0,90531,918000000,0
2025-09-26T17:27:10+09:00,98593,2201600,0,90468,408000000,0
2025-09-26T17:27:20+09:00,98875,2201600,0,90593,408000000,0
2025-09-26T17:27:30+09:00,98750,2188800,1,90781,612000000,0
2025-09-26T17:27:41+09:00,98875,2201600,0,90812,408000000,0
2025-09-26T17:27:51+09:00,98875,2201600,0,90812,510000000,0
2025-09-26T17:28:01+09:00,98718,2201600,0,90812,408000000,0
2025-09-26T17:28:11+09:00,98750,2201600,1,91125,510000000,0
2025-09-26T17:28:21+09:00,98875,2201600,0,90843,510000000,0
2025-09-26T17:28:31+09:00,98906,2201600,0,91031,510000000,0
2025-09-26T17:28:41+09:00,98968,2188800,0,91000,408000000,0
2025-09-26T17:28:51+09:00,99031,2188800,0,91093,510000000,0
2025-09-26T17:29:02+09:00,98875,2188800,0,90937,510000000,0
2025-09-26T17:29:12+09:00,98812,2188800,0,91000,510000000,0
2025-09-26T17:29:22+09:00,98812,2188800,1,91062,1020000000,0
2025-09-26T17:29:32+09:00,98875,2188800,0,90812,918000000,0
2025-09-26T17:29:42+09:00,98343,2112000,1,91000,612000000,0
2025-09-26T17:29:52+09:00,98875,2188800,0,91187,510000000,0
2025-09-26T17:30:02+09:00,98812,2188800,1,90968,918000000,0
2025-09-26T17:30:13+09:00,99000,2188800,0,90937,510000000,0
2025-09-26T17:30:23+09:00,98968,2112000,1,90937,510000000,0
2025-09-26T17:30:33+09:00,99218,2188800,1,91187,714000000,0
2025-09-26T17:30:43+09:00,99062,2188800,1,90968,510000000,0
2025-09-26T17:30:53+09:00,99218,2112000,0,91500,510000000,0
2025-09-26T17:31:03+09:00,98593,2112000,1,91281,510000000,0
2025-09-26T17:31:13+09:00,98718,2112000,1,91250,612000000,0
2025-09-26T17:31:23+09:00,98718,2188800,0,91218,612000000,0
2025-09-26T17:31:33+09:00,99093,2188800,1,91250,510000000,0
2025-09-26T17:31:44+09:00,99062,2188800,0,91125,1020000000,0
2025-09-26T17:31:54+09:00,99093,2188800,0,91437,612000000,0
2025-09-26T17:32:04+09:00,98906,2112000,1,91343,612000000,0
2025-09-26T17:32:14+09:00,98687,2112000,1,91437,612000000,0
2025-09-26T17:32:24+09:00,98906,2112000,0,91406,816000000,0
2025-09-26T17:32:34+09:00,99000,2112000,0,91000,408000000,0
2025-09-26T17:32:44+09:00,99312,2112000,0,91312,510000000,0
2025-09-26T17:32:55+09:00,98593,2112000,0,91093,408000000,0
2025-09-26T17:33:05+09:00,99312,2188800,0,91281,510000000,0
2025-09-26T17:33:15+09:00,98593,2112000,1,91218,612000000,0
2025-09-26T17:33:25+09:00,98718,2112000,1,91531,510000000,0
2025-09-26T17:33:35+09:00,99000,2188800,0,91593,612000000,0
2025-09-26T17:33:45+09:00,98687,2112000,1,91218,408000000,0
2025-09-26T17:33:56+09:00,98968,2188800,0,91531,918000000,0
2025-09-26T17:34:06+09:00,99156,2112000,0,91281,408000000,0
2025-09-26T17:34:16+09:00,99312,2112000,1,91187,408000000,0
2025-09-26T17:34:26+09:00,99093,2112000,1,91156,408000000,0
2025-09-26T17:34:36+09:00,98968,2112000,1,91343,714000000,0
2025-09-26T17:34:46+09:00,98593,2112000,0,91281,408000000,0
2025-09-26T17:34:56+09:00,98750,2112000,0,91250,408000000,0
2025-09-26T17:35:06+09:00,96375,2201600,0,91687,1224000000,0
2025-09-26T17:35:16+09:00,96656,2201600,0,91468,1224000000,0
2025-09-26T17:35:27+09:00,96687,2201600,0,91875,1300500000,0
2025-09-26T17:35:37+09:00,96843,729600,0,91875,1300500000,0
2025-09-26T17:35:47+09:00,97375,729600,0,91656,1300500000,0
2025-09-26T17:35:57+09:00,96906,2201600,0,91562,1300500000,0
2025-09-26T17:36:07+09:00,97281,1497600,0,91750,1300500000,0
2025-09-26T17:36:17+09:00,97562,1420800,0,91562,1300500000,0
2025-09-26T17:36:27+09:00,96156,2201600,0,91812,1300500000,0
2025-09-26T17:36:37+09:00,97062,729600,0,91375,1300500000,0
2025-09-26T17:36:47+09:00,96750,2201600,0,91468,1300500000,0
2025-09-26T17:36:57+09:00,97156,729600,0,91312,1300500000,0
2025-09-26T17:37:07+09:00,97562,2201600,0,91375,1300500000,0
2025-09-26T17:37:17+09:00,96125,2201600,0,91281,1224000000,0
2025-09-26T17:37:27+09:00,97343,729600,0,91156,1224000000,0
2025-09-26T17:37:37+09:00,96906,2201600,0,91343,1224000000,0
2025-09-26T17:37:47+09:00,96500,2201600,0,91281,1300500000,0
2025-09-26T17:37:57+09:00,96156,2201600,0,91343,1300500000,0
2025-09-26T17:38:07+09:00,96500,2201600,0,91156,1300500000,0
2025-09-26T17:38:17+09:00,96968,2201600,0,91218,1224000000,0
2025-09-26T17:38:27+09:00,96343,2201600,0,91125,1300500000,0
2025-09-26T17:38:37+09:00,96656,2112000,0,91031,1224000000,0
2025-09-26T17:38:47+09:00,95718,1497600,0,91250,1300500000,0
2025-09-26T17:38:57+09:00,96031,2201600,0,91000,1224000000,0
2025-09-26T17:39:07+09:00,96906,1420800,0,91281,1300500000,0
2025-09-26T17:39:17+09:00,95937,2201600,0,91187,1224000000,0
2025-09-26T17:39:27+09:00,96062,1420800,0,90968,1224000000,0
2025-09-26T17:39:37+09:00,96437,1497600,0,91187,1224000000,0
2025-09-26T17:39:47+09:00,96656,1420800,0,91250,1224000000,0
2025-09-26T17:39:57+09:00,95625,2201600,0,91031,1224000000,0
2025-09-26T17:40:07+09:00,96781,2201600,0,91500,1300500000,0
2025-09-26T17:40:17+09:00,96125,2201600,0,90625,918000000,0
2025-09-26T17:40:27+09:00,96031,2201600,0,90625,1020000000,0
2025-09-26T17:40:37+09:00,95656,2201600,0,90500,918000000,0
2025-09-26T17:40:47+09:00,96406,1420800,0,90312,1020000000,0
2025-09-26T17:40:57+09:00,95906,2201600,0,90343,918000000,0
2025-09-26T17:41:07+09:00,96218,2201600,0,90062,918000000,0
2025-09-26T17:41:17+09:00,95875,1420800,0,90093,1020000000,0
2025-09-26T17:41:27+09:00,95875,1420800,0,90406,1020000000,0
2025-09-26T17:41:37+09:00,96000,2201600,0,90125,1020000000,0
2025-09-26T17:41:47+09:00,96187,2201600,0,90125,1020000000,0
2025-09-26T17:41:57+09:00,95031,2201600,0,90000,918000000,0
2025-09-26T17:42:07+09:00,95562,2201600,0,90343,1020000000,0
2025-09-26T17:42:17+09:00,96218,2201600,0,90000,1020000000,0
2025-09-26T17:42:27+09:00,95625,729600,0,90312,1020000000,0
2025-09-26T17:42:37+09:00,95687,1420800,0,90156,1020000000,0
2025-09-26T17:42:47+09:00,95750,2201600,0,89812,918000000,0
2025-09-26T17:42:57+09:00,95312,2201600,0,90156,918000000,0
2025-09-26T17:43:07+09:00,95125,2201600,0,89718,1020000000,0
2025-09-26T17:43:17+09:00,95468,729600,0,90062,1020000000,0
2025-09-26T17:43:27+09:00,95750,1420800,0,89968,1020000000,0
2025-09-26T17:43:37+09:00,95250,2201600,0,89500,816000000,0
2025-09-26T17:43:47+09:00,95562,729600,0,89687,1020000000,0
2025-09-26T17:43:57+09:00,94750,2201600,0,89968,918000000,0
2025-09-26T17:44:07+09:00,95406,2201600,0,89500,918000000,0
2025-09-26T17:44:17+09:00,95437,2201600,0,89531,918000000,0
2025-09-26T17:44:27+09:00,95156,2201600,0,89312,918000000,0
2025-09-26T17:44:37+09:00,95187,2201600,0,89593,1020000000,0
2025-09-26T17:44:47+09:00,95781,2201600,0,89375,1020000000,0
2025-09-26T17:44:57+09:00,94718,2201600,0,89437,918000000,0
2025-09-26T17:45:07+09:00,95593,2201600,0,89343,1020000000,0
2025-09-26T17:45:17+09:00,94968,729600,0,89531,1020000000,0
2025-09-26T17:45:27+09:00,95218,1420800,0,89312,1020000000,0
2025-09-26T17:45:37+09:00,95031,2201600,0,89343,1020000000,0
2025-09-26T17:45:47+09:00,95218,729600,0,89437,1020000000,0
2025-09-26T17:45:57+09:00,95437,2201600,0,89312,1020000000,0
2025-09-26T17:46:07+09:00,95187,1420800,0,89062,918000000,0
2025-09-26T17:46:17+09:00,94250,2201600,0,89250,1020000000,0
2025-09-26T17:46:27+09:00,94750,2201600,0,89125,1020000000,0
2025-09-26T17:46:37+09:00,95062,2201600,0,89218,918000000,0
2025-09-26T17:46:47+09:00,95093,1420800,0,89062,1020000000,0
2025-09-26T17:46:57+09:00,94343,2201600,0,89156,918000000,0
2025-09-26T17:47:07+09:00,94093,729600,0,89000,918000000,0
2025-09-26T17:47:17+09:00,94718,1420800,0,89000,1020000000,0
2025-09-26T17:47:27+09:00,95250,1420800,0,89187,1020000000,0
2025-09-26T17:47:37+09:00,95281,1420800,0,89218,1122000000,0
2025-09-26T17:47:47+09:00,94781,729600,0,89031,1020000000,0
2025-09-26T17:47:57+09:00,94562,1420800,0,89156,1020000000,0
2025-09-26T17:48:07+09:00,95281,1420800,0,89031,1020000000,0
2025-09-26T17:48:17+09:00,95187,2201600,0,89125,1020000000,0
2025-09-26T17:48:27+09:00,94718,729600,0,89062,1020000000,0
2025-09-26T17:48:37+09:00,94687,729600,0,89031,1020000000,0
2025-09-26T17:48:47+09:00,93750,2201600,0,89000,918000000,0
2025-09-26T17:48:57+09:00,94218,2201600,0,88781,918000000,0
2025-09-26T17:49:07+09:00,94250,2201600,0,88843,918000000,0
2025-09-26T17:49:17+09:00,94593,1420800,0,88531,918000000,0
2025-09-26T17:49:27+09:00,93781,2201600,0,88593,918000000,0
2025-09-26T17:49:37+09:00,93718,1210000,0,88718,918000000,0
2025-09-26T17:49:47+09:00,93468,1420800,0,88812,918000000,0
2025-09-26T17:49:57+09:00,93875,2201600,0,88750,816000000,0
2025-09-26T17:50:07+09:00,93750,2201600,0,88500,918000000,0
2025-09-26T17:50:17+09:00,93625,2201600,0,88531,918000000,0
2025-09-26T17:50:27+09:00,93718,2201600,0,88531,918000000,0
2025-09-26T17:50:37+09:00,93906,1420800,0,88531,1020000000,0
2025-09-26T17:50:47+09:00,93562,1420800,0,88562,1020000000,0
2025-09-26T17:50:58+09:00,93843,2201600,0,88468,918000000,0
2025-09-26T17:51:08+09:00,94437,729600,0,88562,1020000000,0
2025-09-26T17:51:18+09:00,93375,2201600,0,88375,918000000,0
2025-09-26T17:51:28+09:00,94343,2201600,0,88406,918000000,0
2025-09-26T17:51:38+09:00,94250,2201600,0,88531,918000000,0
2025-09-26T17:51:48+09:00,93562,2201600,0,88218,816000000,0
2025-09-26T17:51:58+09:00,94250,729600,0,88500,1020000000,0
2025-09-26T17:52:08+09:00,94187,1497600,0,88375,1020000000,0
2025-09-26T17:52:18+09:00,94718,1420800,0,88343,1020000000,0
2025-09-26T17:52:28+09:00,93562,2201600,0,88437,918000000,0
2025-09-26T17:52:38+09:00,93968,2201600,0,88218,918000000,0
2025-09-26T17:52:48+09:00,93937,2201600,0,88437,918000000,0
2025-09-26T17:52:58+09:00,93468,2201600,0,88218,918000000,0
2025-09-26T17:53:08+09:00,94187,2201600,0,88375,918000000,0
2025-09-26T17:53:18+09:00,93843,2201600,0,88250,918000000,0
2025-09-26T17:53:28+09:00,93687,2201600,0,88125,918000000,0
2025-09-26T17:53:38+09:00,92968,1420800,0,88218,918000000,0
2025-09-26T17:53:48+09:00,93625,2201600,0,88093,1020000000,0
2025-09-26T17:53:58+09:00,93187,2201600,0,88250,918000000,0
2025-09-26T17:54:08+09:00,93812,1420800,0,88000,918000000,0
2025-09-26T17:54:18+09:00,94406,2201600,0,88406,1020000000,0
2025-09-26T17:54:28+09:00,93968,2201600,0,88218,918000000,0
2025-09-26T17:54:38+09:00,94250,2201600,0,88250,1020000000,0
2025-09-26T17:54:48+09:00,94031,2201600,0,88343,1020000000,0
2025-09-26T17:54:58+09:00,93281,1420800,0,88062,1020000000,0
2025-09-26T17:55:08+09:00,93687,2201600,0,88031,1020000000,0
2025-09-26T17:55:18+09:00,94093,1420800,0,88156,918000000,0
2025-09-26T17:55:28+09:00,93343,2201600,0,87781,918000000,0
2025-09-26T17:55:38+09:00,93937,2201600,0,88093,1020000000,0
2025-09-26T17:55:48+09:00,93375,2201600,0,88000,1020000000,0
2025-09-26T17:55:58+09:00,94406,2201600,0,88093,1020000000,0
2025-09-26T17:56:08+09:00,92687,2201600,0,87687,816000000,0
2025-09-26T17:56:18+09:00,93093,729600,0,88062,918000000,0
2025-09-26T17:56:28+09:00,92750,2201600,0,87781,918000000,0
2025-09-26T17:56:38+09:00,93093,2201600,0,87718,918000000,0
2025-09-26T17:56:48+09:00,92906,1420800,0,88062,918000000,0
2025-09-26T17:56:58+09:00,93375,1420800,0,87843,918000000,0
2025-09-26T17:57:08+09:00,93437,1420800,0,87812,1020000000,0
2025-09-26T17:57:18+09:00,94000,729600,0,87718,918000000,0
2025-09-26T17:57:28+09:00,93468,2201600,0,87531,918000000,0
2025-09-26T17:57:38+09:00,92500,1240000,0,87875,918000000,0
2025-09-26T17:57:48+09:00,93843,2201600,0,87843,918000000,0
2025-09-26T17:57:58+09:00,92750,2201600,0,87625,918000000,0
2025-09-26T17:58:08+09:00,93156,2201600,0,87656,918000000,0
2025-09-26T17:58:18+09:00,93750,2201600,0,87687,918000000,0
2025-09-26T17:58:28+09:00,93031,2201600,0,87812,918000000,0
2025-09-26T17:58:38+09:00,92750,2201600,0,87562,918000000,0
2025-09-26T17:58:48+09:00,93656,2201600,0,87375,918000000,0
2025-09-26T17:58:58+09:00,93562,2201600,0,87437,816000000,0
2025-09-26T17:59:08+09:00,93187,2201600,0,87562,918000000,0
2025-09-26T17:59:18+09:00,92562,2201600,0,87343,918000000,0
2025-09-26T17:59:28+09:00,93062,1497600,0,87593,918000000,0
2025-09-26T17:59:38+09:00,93156,1497600,0,87500,1020000000,0
2025-09-26T17:59:48+09:00,93687,2201600,0,87312,918000000,0
2025-09-26T17:59:58+09:00,92812,2201600,0,87625,918000000,0
2025-09-26T18:00:08+09:00,93281,2201600,0,87375,918000000,0
2025-09-26T18:00:18+09:00,92000,2201600,0,87625,918000000,0
2025-09-26T18:00:28+09:00,92437,2201600,0,87312,918000000,0
2025-09-26T18:00:38+09:00,92406,1420800,0,87687,1020000000,0
2025-09-26T18:00:48+09:00,92250,2201600,0,87500,1020000000,0
2025-09-26T18:00:58+09:00,92562,2201600,0,87656,918000000,0
2025-09-26T18:01:08+09:00,92250,2201600,0,87281,918000000,0
2025-09-26T18:01:18+09:00,92000,2201600,0,87250,918000000,0
2025-09-26T18:01:28+09:00,92375,2201600,0,87187,918000000,0
2025-09-26T18:01:38+09:00,92343,2201600,0,87218,1020000000,0
2025-09-26T18:01:48+09:00,92437,1420800,0,87312,1020000000,0
2025-09-26T18:01:58+09:00,93125,1420800,0,87062,1020000000,0
2025-09-26T18:02:08+09:00,92531,1420800,0,87156,1020000000,0
2025-09-26T18:02:18+09:00,93156,2201600,0,87125,918000000,0
2025-09-26T18:02:28+09:00,92937,729600,0,86968,918000000,0
2025-09-26T18:02:38+09:00,92781,2201600,0,87156,918000000,0
2025-09-26T18:02:48+09:00,92281,2201600,0,87000,918000000,0
2025-09-26T18:02:58+09:00,93156,2201600,0,86875,918000000,0
2025-09-26T18:03:08+09:00,92281,2201600,0,87062,918000000,0
2025-09-26T18:03:18+09:00,92625,1208000,0,86937,1020000000,0
2025-09-26T18:03:28+09:00,92250,2201600,0,86875,918000000,0
2025-09-26T18:03:38+09:00,92093,729600,0,87062,918000000,0
2025-09-26T18:03:48+09:00,92468,2201600,0,86812,918000000,0
2025-09-26T18:03:58+09:00,92156,2201600,0,87156,918000000,0
2025-09-26T18:04:08+09:00,92531,2201600,0,86906,918000000,0
2025-09-26T18:04:18+09:00,92718,2201600,0,86843,918000000,0
2025-09-26T18:04:28+09:00,91687,2201600,0,86781,918000000,0
2025-09-26T18:04:38+09:00,92687,729600,0,86937,918000000,0
2025-09-26T18:04:48+09:00,92718,2201600,0,86875,918000000,0
2025-09-26T18:04:58+09:00,92125,1420800,0,86812,1020000000,0
2025-09-26T18:05:08+09:00,92781,2201600,0,87000,918000000,0
2025-09-26T18:05:18+09:00,92531,1420800,0,86812,1020000000,0
2025-09-26T18:05:28+09:00,92625,2201600,0,86937,918000000,0
2025-09-26T18:05:38+09:00,91656,2201600,0,86656,918000000,0
2025-09-26T18:05:48+09:00,92750,1420800,0,86937,1020000000,0
2025-09-26T18:05:58+09:00,91812,2201600,0,86625,918000000,0
2025-09-26T18:06:09+09:00,92875,729600,0,86843,918000000,0
2025-09-26T18:06:19+09:00,92687,1420800,0,86875,918000000,0
2025-09-26T18:06:29+09:00,92468,1186000,0,86687,1020000000,0
2025-09-26T18:06:39+09:00,92375,2201600,0,86750,918000000,0
2025-09-26T18:06:49+09:00,91625,2201600,0,86625,918000000,0
2025-09-26T18:06:59+09:00,92687,1497600,0,86750,918000000,0
2025-09-26T18:07:09+09:00,92375,2201600,0,86843,918000000,0
2025-09-26T18:07:19+09:00,92281,729600,0,86593,1020000000,0
2025-09-26T18:07:29+09:00,92406,2201600,0,86718,1020000000,0
2025-09-26T18:07:39+09:00,92781,1497600,0,87062,1122000000,0
2025-09-26T18:07:49+09:00,92750,729600,0,87000,1020000000,0
2025-09-26T18:07:59+09:00,92281,1420800,0,86750,1020000000,0
2025-09-26T18:08:09+09:00,92593,2201600,0,86875,1020000000,0
2025-09-26T18:08:19+09:00,91718,2201600,0,86687,918000000,0
2025-09-26T18:08:29+09:00,92156,2201600,0,86500,918000000,0
2025-09-26T18:08:39+09:00,91718,2201600,0,86687,918000000,0
2025-09-26T18:08:49+09:00,92218,1420800,0,86437,918000000,0
2025-09-26T18:08:59+09:00,91343,1420800,0,86500,918000000,0
2025-09-26T18:09:09+09:00,91281,1497600,0,86593,918000000,0
2025-09-26T18:09:19+09:00,91625,2201600,0,86375,918000000,0
2025-09-26T18:09:29+09:00,91500,2201600,0,86625,918000000,0
2025-09-26T18:09:39+09:00,91593,2201600,0,86593,918000000,0
2025-09-26T18:09:49+09:00,92031,1420800,0,86218,918000000,0
2025-09-26T18:09:59+09:00,91250,2201600,0,86593,918000000,0
2025-09-26T18:10:09+09:00,91812,2201600,0,86312,918000000,0
2025-09-26T18:10:19+09:00,91812,729600,0,86593,1020000000,0
2025-09-26T18:10:29+09:00,92343,2201600,0,86375,918000000,0
2025-09-26T18:10:39+09:00,91468,2201600,0,86500,918000000,0
2025-09-26T18:10:49+09:00,91593,2201600,0,86343,918000000,0
2025-09-26T18:10:59+09:00,91375,2201600,0,86343,918000000,0
2025-09-26T18:11:09+09:00,91875,2201600,0,86562,918000000,0
2025-09-26T18:11:19+09:00,91968,1420800,0,86218,918000000,0
2025-09-26T18:11:29+09:00,91156,2201600,0,86500,918000000,0
2025-09-26T18:11:39+09:00,91812,2201600,0,86187,1020000000,0
2025-09-26T18:11:49+09:00,91781,1497600,0,86312,1020000000,0
2025-09-26T18:11:59+09:00,91250,1420800,0,86281,1020000000,0
2025-09-26T18:12:09+09:00,91343,2201600,0,86000,918000000,0
2025-09-26T18:12:19+09:00,91031,2201600,0,86093,918000000,0
2025-09-26T18:12:29+09:00,91906,2201600,0,86000,918000000,0
2025-09-26T18:12:39+09:00,90843,2201600,0,86093,918000000,0
2025-09-26T18:12:49+09:00,91312,1497600,0,86093,1020000000,0
2025-09-26T18:12:59+09:00,91031,729600,0,86125,918000000,0
2025-09-26T18:13:09+09:00,91250,2201600,0,85968,918000000,0
2025-09-26T18:13:19+09:00,92093,2188800,0,85781,714000000,0
2025-09-26T18:13:29+09:00,91468,2201600,0,85968,918000000,0
2025-09-26T18:13:39+09:00,91500,2201600,0,86312,1122000000,0
2025-09-26T18:13:49+09:00,91593,2201600,0,86687,1224000000,0
2025-09-26T18:13:59+09:00,91937,2201600,0,86531,1224000000,0
2025-09-26T18:14:09+09:00,92031,2201600,0,86593,1224000000,0
2025-09-26T18:14:19+09:00,91312,2201600,0,86687,1224000000,0
2025-09-26T18:14:29+09:00,92656,729600,0,86718,1300500000,0
2025-09-26T18:14:39+09:00,92062,2201600,0,86968,1300500000,0
2025-09-26T18:14:49+09:00,91906,1420800,0,86937,1224000000,0
2025-09-26T18:14:59+09:00,92281,2201600,0,86968,1224000000,0
2025-09-26T18:15:09+09:00,92531,1420800,0,87062,1224000000,0
2025-09-26T18:15:19+09:00,91812,2201600,0,86750,1224000000,0
2025-09-26T18:15:29+09:00,92500,2201600,0,87093,1300500000,0
2025-09-26T18:15:39+09:00,91687,2201600,0,86750,1224000000,0
2025-09-26T18:15:49+09:00,91531,2201600,0,87093,1224000000,0
2025-09-26T18:15:59+09:00,92875,2201600,0,86781,1300500000,0
2025-09-26T18:16:09+09:00,91406,2201600,0,87125,1300500000,0
2025-09-26T18:16:19+09:00,92687,2201600,0,86875,1224000000,0
2025-09-26T18:16:29+09:00,91437,2201600,0,86937,1300500000,0
2025-09-26T18:16:39+09:00,92093,1497600,0,86843,1224000000,0
2025-09-26T18:16:49+09:00,91843,2201600,0,86875,1224000000,0
2025-09-26T18:16:59+09:00,92531,2201600,0,87343,1300500000,0
2025-09-26T18:17:09+09:00,91968,2201600,0,86968,1300500000,0
2025-09-26T18:17:19+09:00,91718,2201600,0,86843,1224000000,0
2025-09-26T18:17:29+09:00,91406,1420800,0,86875,1300500000,0
2025-09-26T18:17:39+09:00,92000,2201600,0,87093,1300500000,0
2025-09-26T18:17:49+09:00,92343,1419000,0,86875,1224000000,0
2025-09-26T18:17:59+09:00,91906,2188800,0,87031,1300500000,0
2025-09-26T18:18:09+09:00,92843,1420800,0,86906,1300500000,0
2025-09-26T18:18:19+09:00,91531,2201600,0,86937,1224000000,0
2025-09-26T18:18:29+09:00,91812,1420800,0,86968,1224000000,0
2025-09-26T18:18:39+09:00,92531,2201600,0,86906,1224000000,0
2025-09-26T18:18:49+09:00,92093,2201600,0,87093,1224000000,0
2025-09-26T18:18:59+09:00,91968,2201600,0,87031,1300500000,0
2025-09-26T18:19:09+09:00,91812,2201600,0,87531,1300500000,0
2025-09-26T18:19:19+09:00,91562,2201600,0,86500,918000000,0
2025-09-26T18:19:29+09:00,91968,2201600,0,86562,918000000,0
2025-09-26T18:19:39+09:00,91812,2201600,0,86218,918000000,0
2025-09-26T18:19:49+09:00,92156,2201600,0,86093,816000000,0
2025-09-26T18:19:59+09:00,92031,2201600,0,86312,918000000,0
2025-09-26T18:20:09+09:00,91781,2201600,0,86125,918000000,0
2025-09-26T18:20:19+09:00,92062,1420800,0,86218,918000000,0
2025-09-26T18:20:29+09:00,90906,2201600,0,86031,816000000,0
2025-09-26T18:20:39+09:00,92375,2201600,0,86218,918000000,0
2025-09-26T18:20:49+09:00,91687,2201600,0,86062,918000000,0
2025-09-26T18:20:59+09:00,91093,2201600,0,86125,918000000,0
2025-09-26T18:21:09+09:00,91250,2201600,0,86093,1020000000,0
2025-09-26T18:21:19+09:00,91593,1420800,0,86281,1020000000,0
2025-09-26T18:21:29+09:00,91531,1420800,0,86000,918000000,0
2025-09-26T18:21:39+09:00,91343,2201600,0,85968,918000000,0
2025-09-26T18:21:49+09:00,92031,1420800,0,86125,1020000000,0
2025-09-26T18:22:00+09:00,91906,1420800,0,86031,1020000000,0
2025-09-26T18:22:10+09:00,91687,1168000,0,86187,1020000000,0
2025-09-26T18:22:20+09:00,91937,2201600,0,86000,1020000000,0
2025-09-26T18:22:30+09:00,92000,2201600,0,86125,918000000,0
2025-09-26T18:22:40+09:00,90843,2201600,0,85968,918000000,0
2025-09-26T18:22:50+09:00,91593,2201600,0,86093,918000000,0
2025-09-26T18:23:00+09:00,91968,2201600,0,85843,918000000,0
2025-09-26T18:23:10+09:00,91718,729600,0,85781,1020000000,0
2025-09-26T18:23:20+09:00,90937,2201600,0,85843,918000000,0
2025-09-26T18:23:30+09:00,90875,2201600,0,85687,918000000,0
2025-09-26T18:23:40+09:00,90875,2201600,0,85875,918000000,0
2025-09-26T18:23:50+09:00,90968,2201600,0,85687,918000000,0
2025-09-26T18:24:00+09:00,90937,2201600,0,85875,918000000,0
2025-09-26T18:24:10+09:00,90812,2201600,0,85625,918000000,0
2025-09-26T18:24:20+09:00,91093,2201600,0,85843,918000000,0
2025-09-26T18:24:30+09:00,91000,2201600,0,85906,918000000,0
2025-09-26T18:24:40+09:00,90812,2201600,0,85625,918000000,0
2025-09-26T18:24:50+09:00,90875,2201600,0,85781,918000000,0
2025-09-26T18:25:00+09:00,91312,2201600,0,85593,918000000,0
2025-09-26T18:25:10+09:00,91218,2201600,0,85531,918000000,0
2025-09-26T18:25:20+09:00,90781,2201600,0,85937,1020000000,0
2025-09-26T18:25:30+09:00,90843,1420800,0,86031,918000000,0
2025-09-26T18:25:40+09:00,90437,2201600,0,85687,918000000,0
2025-09-26T18:25:50+09:00,90312,1420800,0,85718,1020000000,0
2025-09-26T18:26:00+09:00,91312,1420800,0,85531,1020000000,0
2025-09-26T18:26:10+09:00,91375,1420800,0,85531,1020000000,0
2025-09-26T18:26:20+09:00,91312,2201600,0,85625,1020000000,0
2025-09-26T18:26:30+09:00,90468,2201600,0,85312,918000000,0
2025-09-26T18:26:40+09:00,90937,2201600,0,85593,918000000,0
2025-09-26T18:26:50+09:00,90656,2201600,0,85406,918000000,0
2025-09-26T18:27:00+09:00,91468,2201600,0,85562,1020000000,0
2025-09-26T18:27:10+09:00,91500,2201600,0,85562,1020000000,0
2025-09-26T18:27:20+09:00,91312,1420800,0,85500,1020000000,0
2025-09-26T18:27:30+09:00,91468,2201600,0,85437,1020000000,0
2025-09-26T18:27:40+09:00,90718,1420800,0,85531,918000000,0
2025-09-26T18:27:50+09:00,90468,2201600,0,85343,1020000000,0
2025-09-26T18:28:00+09:00,91031,729600,0,85500,918000000,0
2025-09-26T18:28:10+09:00,91500,2201600,0,85375,1020000000,0
2025-09-26T18:28:20+09:00,91500,1215000,0,85312,1020000000,0
2025-09-26T18:28:30+09:00,90375,1420800,0,85218,918000000,0
2025-09-26T18:28:40+09:00,90437,1420800,0,85343,918000000,0
2025-09-26T18:28:50+09:00,91375,1420800,0,85500,1020000000,0
2025-09-26T18:29:00+09:00,90468,2201600,0,85125,816000000,0
2025-09-26T18:29:10+09:00,91281,2201600,0,85312,918000000,0
2025-09-26T18:29:20+09:00,91000,2201600,0,85375,1020000000,0
2025-09-26T18:29:30+09:00,90406,1420800,0,85156,918000000,0
2025-09-26T18:29:40+09:00,90906,1420800,0,85218,1020000000,0
2025-09-26T18:29:50+09:00,91031,2201600,0,85156,918000000,0
2025-09-26T18:30:00+09:00,91062,1497600,0,85468,1020000000,0
2025-09-26T18:30:10+09:00,90906,1420800,0,85218,1020000000,0
2025-09-26T18:30:20+09:00,90843,1420800,0,85187,1020000000,0
2025-09-26T18:30:30+09:00,91062,1420800,0,85625,1122000000,0
2025-09-26T18:30:40+09:00,91343,2201600,0,85406,1122000000,0
2025-09-26T18:30:50+09:00,90750,2201600,0,85218,918000000,0
2025-09-26T18:31:00+09:00,90687,2201600,0,85156,918000000,0
2025-09-26T18:31:10+09:00,90375,2201600,0,85156,918000000,0
2025-09-26T18:31:20+09:00,91375,2201600,0,85187,1020000000,0
2025-09-26T18:31:30+09:00,90781,1420800,0,85312,1020000000,0
2025-09-26T18:31:40+09:00,91125,2201600,0,85156,1020000000,0
2025-09-26T18:31:50+09:00,90750,1420800,0,85250,1020000000,0
2025-09-26T18:32:00+09:00,91062,1420800,0,85406,1020000000,0
2025-09-26T18:32:10+09:00,91156,2201600,0,85375,1020000000,0
2025-09-26T18:32:20+09:00,90843,1420800,0,85156,1020000000,0
2025-09-26T18:32:30+09:00,90281,2201600,0,85312,918000000,0
2025-09-26T18:32:40+09:00,90968,2201600,0,85156,1020000000,0
2025-09-26T18:32:50+09:00,90843,1420800,0,85312,1020000000,0
2025-09-26T18:33:00+09:00,90906,2201600,0,85187,1020000000,0
2025-09-26T18:33:10+09:00,91156,2201600,0,85250,918000000,0
2025-09-26T18:33:20+09:00,90968,2201600,0,85125,1020000000,0
2025-09-26T18:33:30+09:00,90718,1497600,0,85250,1020000000,0
2025-09-26T18:33:40+09:00,90906,729600,0,85218,1020000000,0
2025-09-26T18:33:50+09:00,90843,2201600,0,85093,1020000000,0
2025-09-26T18:34:00+09:00,90250,2035200,0,85156,918000000,0
2025-09-26T18:34:10+09:00,90250,2201600,0,85250,1020000000,0
2025-09-26T18:34:20+09:00,90687,1420800,0,85312,1020000000,0
2025-09-26T18:34:30+09:00,90968,2201600,0,85125,1020000000,0
2025-09-26T18:34:40+09:00,90843,2201600,0,85187,918000000,0
2025-09-26T18:34:50+09:00,91093,1420800,0,85093,1020000000,0
2025-09-26T18:35:00+09:00,91031,729600,0,85062,1020000000,0
2025-09-26T18:35:10+09:00,90062,2201600,0,85093,918000000,0
2025-09-26T18:35:20+09:00,91062,1420800,0,84781,918000000,0
2025-09-26T18:35:30+09:00,90375,2201600,0,84968,918000000,0
2025-09-26T18:35:40+09:00,89875,2201600,0,84781,918000000,0
2025-09-26T18:35:50+09:00,90406,2201600,0,85062,918000000,0
2025-09-26T18:36:00+09:00,90718,1200000,0,85031,918000000,0
2025-09-26T18:36:10+09:00,89937,1420800,0,84906,1020000000,0
2025-09-26T18:36:20+09:00,89687,2201600,0,84781,918000000,0
2025-09-26T18:36:30+09:00,90937,1420800,0,85156,1020000000,0
2025-09-26T18:36:40+09:00,90281,2201600,0,84937,918000000,0
2025-09-26T18:36:50+09:00,90437,1420800,0,85000,1020000000,0
2025-09-26T18:37:00+09:00,90656,2201600,0,84812,1020000000,0
2025-09-26T18:37:11+09:00,90968,1420800,0,84843,918000000,0
2025-09-26T18:37:21+09:00,89750,1420800,0,84687,918000000,0
2025-09-26T18:37:31+09:00,90031,2201600,0,84781,918000000,0
2025-09-26T18:37:41+09:00,91000,729600,0,84750,1020000000,0
2025-09-26T18:37:51+09:00,90218,2201600,0,84656,918000000,0
2025-09-26T18:38:01+09:00,89687,2201600,0,84687,816000000,0
2025-09-26T18:38:11+09:00,90375,1420800,0,84656,1020000000,0
2025-09-26T18:38:21+09:00,90375,1420800,0,84531,918000000,0
2025-09-26T18:38:31+09:00,89906,2201600,0,84718,1020000000,0
2025-09-26T18:38:41+09:00,89968,2201600,0,84750,918000000,0
2025-09-26T18:38:51+09:00,90625,2201600,0,84718,1020000000,0
2025-09-26T18:39:01+09:00,89781,2201600,0,84656,918000000,0
2025-09-26T18:39:11+09:00,90687,1420800,0,84812,1020000000,0
2025-09-26T18:39:21+09:00,89593,2201600,0,84468,816000000,0
2025-09-26T18:39:31+09:00,90718,2201600,0,84781,918000000,0
2025-09-26T18:39:41+09:00,90625,2201600,0,84687,918000000,0
2025-09-26T18:39:51+09:00,90125,2201600,0,84656,1020000000,0
2025-09-26T18:40:01+09:00,90812,2201600,0,84781,1020000000,0
2025-09-26T18:40:11+09:00,90187,1420800,0,84625,1020000000,0
2025-09-26T18:40:21+09:00,89531,2201600,0,84750,918000000,0
2025-09-26T18:40:31+09:00,90593,2201600,0,84656,918000000,0
2025-09-26T18:40:41+09:00,90406,1420800,0,84562,1020000000,0
2025-09-26T18:40:51+09:00,90062,729600,0,84656,918000000,0
2025-09-26T18:41:01+09:00,90531,1420800,0,84625,1020000000,0
2025-09-26T18:41:11+09:00,90468,2201600,0,84875,1122000000,0
2025-09-26T18:41:21+09:00,90343,2201600,0,84562,918000000,0
2025-09-26T18:41:31+09:00,90437,2201600,0,84718,1020000000,0
2025-09-26T18:41:41+09:00,90781,1497600,0,84718,1020000000,0
2025-09-26T18:41:51+09:00,90437,1420800,0,84687,1020000000,0
2025-09-26T18:42:01+09:00,90218,729600,0,84656,1020000000,0
2025-09-26T18:42:11+09:00,90281,2201600,0,84750,1020000000,0
2025-09-26T18:42:21+09:00,89968,2201600,0,84656,918000000,0
2025-09-26T18:42:31+09:00,90000,729600,0,84562,1020000000,0
2025-09-26T18:42:41+09:00,90125,1420800,0,84656,1020000000,0
2025-09-26T18:42:51+09:00,90625,1420800,0,85062,1122000000,0
2025-09-26T18:43:01+09:00,90500,2201600,0,84562,1020000000,0
2025-09-26T18:43:11+09:00,90156,2201600,0,84812,1020000000,0
2025-09-26T18:43:21+09:00,90718,2201600,0,84562,1020000000,0
2025-09-26T18:43:31+09:00,90625,729600,0,84812,1020000000,0
2025-09-26T18:43:41+09:00,90281,2201600,0,84812,1020000000,0
2025-09-26T18:43:51+09:00,89781,2201600,0,84562,1020000000,0
2025-09-26T18:44:01+09:00,90093,2201600,0,84593,918000000,0
2025-09-26T18:44:11+09:00,90062,1497600,0,84406,918000000,0
2025-09-26T18:44:21+09:00,89843,2201600,0,84656,918000000,0
2025-09-26T18:44:31+09:00,90000,2201600,0,84437,1020000000,0
2025-09-26T18:44:41+09:00,89562,1420800,0,84750,1020000000,0
2025-09-26T18:44:51+09:00,89875,1420800,0,84375,918000000,0
2025-09-26T18:45:01+09:00,89500,1420800,0,84500,918000000,0
2025-09-26T18:45:11+09:00,89187,2201600,0,84625,918000000,0
2025-09-26T18:45:21+09:00,89562,2201600,0,84375,918000000,0
2025-09-26T18:45:31+09:00,90031,1420800,0,84750,1020000000,0
2025-09-26T18:45:41+09:00,90062,729600,0,84406,1020000000,0
2025-09-26T18:45:51+09:00,90343,2201600,0,84656,1020000000,0
2025-09-26T18:46:01+09:00,89468,2201600,0,84406,918000000,0
2025-09-26T18:46:11+09:00,89406,2201600,0,84531,918000000,0
2025-09-26T18:46:21+09:00,89312,729600,0,84250,918000000,0
2025-09-26T18:46:31+09:00,88968,2201600,0,84406,816000000,0
2025-09-26T18:46:41+09:00,90375,2201600,0,84343,1020000000,0
2025-09-26T18:46:51+09:00,90406,2201600,0,84562,1020000000,0
2025-09-26T18:47:01+09:00,89781,2201600,0,84656,1020000000,0
2025-09-26T18:47:11+09:00,90093,729600,0,84437,1020000000,0
2025-09-26T18:47:21+09:00,89468,1420800,0,84593,1020000000,0
2025-09-26T18:47:31+09:00,89000,1420800,0,84593,918000000,0
2025-09-26T18:47:41+09:00,89906,2201600,0,84250,918000000,0
2025-09-26T18:47:51+09:00,89875,729600,0,84093,918000000,0
2025-09-26T18:48:01+09:00,89718,2201600,0,84281,918000000,0
2025-09-26T18:48:11+09:00,90343,1420800,0,84250,1020000000,0
2025-09-26T18:48:21+09:00,89218,2201600,0,84531,1020000000,0
2025-09-26T18:48:31+09:00,89437,2201600,0,84468,918000000,0
2025-09-26T18:48:41+09:00,90375,2201600,0,84187,918000000,0
2025-09-26T18:48:51+09:00,89250,2201600,0,83968,918000000,0
2025-09-26T18:49:01+09:00,90031,1420800,0,84031,918000000,0
2025-09-26T18:49:11+09:00,90250,1420800,0,84156,1020000000,0
2025-09-26T18:49:21+09:00,88906,1420800,0,84000,918000000,0
2025-09-26T18:49:31+09:00,90156,729600,0,84125,918000000,0
2025-09-26T18:49:41+09:00,88812,2201600,0,83968,918000000,0
2025-09-26T18:49:51+09:00,89843,1420800,0,84156,1020000000,0
2025-09-26T18:50:01+09:00,89031,2201600,0,84187,918000000,0
2025-09-26T18:50:11+09:00,88906,2201600,0,83968,918000000,0
2025-09-26T18:50:21+09:00,88875,2201600,0,83843,918000000,0
2025-09-26T18:50:31+09:00,89937,1497600,0,84187,1020000000,0
2025-09-26T18:50:41+09:00,89875,2201600,0,84218,1122000000,0
2025-09-26T18:50:51+09:00,89906,729600,0,84281,1020000000,0
2025-09-26T18:51:01+09:00,89437,1497600,0,84062,1020000000,0
2025-09-26T18:51:11+09:00,90187,2201600,0,84156,1020000000,0
2025-09-26T18:51:21+09:00,89218,2201600,0,84187,1020000000,0
2025-09-26T18:51:31+09:00,90031,2201600,0,84093,918000000,0
2025-09-26T18:51:41+09:00,88906,2201600,0,83906,918000000,0
2025-09-26T18:51:51+09:00,89250,2201600,0,84156,1020000000,0
2025-09-26T18:52:02+09:00,89062,2201600,0,83875,918000000,0
2025-09-26T18:52:12+09:00,89843,2201600,0,84187,1020000000,0
2025-09-26T18:52:22+09:00,89687,2201600,0,83781,918000000,0
2025-09-26T18:52:32+09:00,88968,2201600,0,83843,918000000,0
2025-09-26T18:52:42+09:00,89718,2201600,0,84125,1020000000,0
2025-09-26T18:52:52+09:00,88718,1420800,0,84125,918000000,0
2025-09-26T18:53:02+09:00,89312,729600,0,83750,918000000,0
2025-09-26T18:53:12+09:00,88906,1420800,0,84125,918000000,0
2025-09-26T18:53:22+09:00,88968,1420800,0,83968,1020000000,0
2025-09-26T18:53:32+09:00,89843,2201600,0,84031,918000000,0
2025-09-26T18:53:42+09:00,89312,1420800,0,83968,1020000000,0
2025-09-26T18:53:52+09:00,89937,1420800,0,83968,1020000000,0
2025-09-26T18:54:02+09:00,89812,2201600,0,84125,918000000,0
2025-09-26T18:54:12+09:00,89593,729600,0,84187,1020000000,0
2025-09-26T18:54:22+09:00,89093,2201600,0,83843,918000000,0
2025-09-26T18:54:32+09:00,89218,2201600,0,84000,918000000,0
2025-09-26T18:54:42+09:00,88906,729600,0,84000,918000000,0
2025-09-26T18:54:52+09:00,88937,2201600,0,83781,918000000,0
2025-09-26T18:55:02+09:00,89875,729600,0,84312,1224000000,0
